	id	ancestor_id	is_root
0	CHEBI:64709	CHEBI:50860	False
1	CHEBI:50860	CHEBI:33582	False
2	CHEBI:64708	CHEBI:50860	False
3	FBcv:0000558	CHEBI:24431	False
4	FBcv:0000558	FBcv:0000525	False
5	FBcv:0000525	FBcv:0000452	False
6	CHEBI:24431	FBcv:0000452	False
7	FBcv:0000559	CHEBI:32955	False
8	FBcv:0000559	FBcv:0000558	False
9	CHEBI:32955	CHEBI:37407	False
10	CHEBI:25585	CHEBI:33250	False
11	CHEBI:33250	CHEBI:24431	False
12	CHEBI:33250	FBcv:0000525	False
13	FBcv:0000554	CHEBI:51336	False
14	CHEBI:51336	CHEBI:24840	False
15	FBcv:0000555	FBcv:0000553	False
16	FBcv:0000555	CHEBI:59765	False
17	FBcv:0000555	CHEBI:24835	False
18	CHEBI:24835	CHEBI:23367	False
19	CHEBI:59765	CHEBI:33145	False
20	FBcv:0000553	CHEBI:23367	False
21	FBcv:0000556	CHEBI:38702	False
22	FBcv:0000556	CHEBI:48857	False
23	CHEBI:48857	CHEBI:26823	False
24	CHEBI:38702	CHEBI:26714	False
25	CHEBI:38702	CHEBI:24839	False
26	FBcv:0000557	FBcv:0000553	False
27	FBcv:0000557	CHEBI:24835	False
28	FBcv:0000557	CHEBI:24060	False
29	CHEBI:24060	CHEBI:33958	False
30	CHEBI:24060	CHEBI:24062	False
31	FBcv:0000550	CHEBI:67142	False
32	FBcv:0000550	FBcv:0000548	False
33	FBcv:0000550	CHEBI:27242	False
34	CHEBI:27242	CHEBI:39446	False
35	FBcv:0000548	CHEBI:33832	False
36	CHEBI:67142	CHEBI:33832	False
37	FBcv:0000551	CHEBI:24431	False
38	FBcv:0000551	FBcv:0000525	False
39	CHEBI:23924	CHEBI:52206	False
40	CHEBI:23924	CHEBI:35222	False
41	FBcv:0000552	FBcv:0000551	False
42	FBcv:0000552	CHEBI:35692	False
43	CHEBI:35692	CHEBI:33575	False
44	CHEBI:23367	CHEBI:24431	False
45	CHEBI:23367	FBcv:0000525	False
46	FBcv:0000547	CHEBI:23128	False
47	FBcv:0000547	FBcv:0000541	False
48	FBcv:0000547	CHEBI:22929	False
49	CHEBI:22929	CHEBI:24469	False
50	CHEBI:22929	CHEBI:22926	False
51	FBcv:0000541	CHEBI:24431	False
52	FBcv:0000541	FBcv:0000525	False
53	CHEBI:23128	CHEBI:23115	False
54	CHEBI:23128	CHEBI:24469	False
55	CHEBI:33832	CHEBI:50860	False
56	CHEBI:26440	CHEBI:33838	False
57	CHEBI:26440	CHEBI:39447	False
58	CHEBI:39447	CHEBI:38313	False
59	CHEBI:33838	CHEBI:21731	False
60	CHEBI:33838	CHEBI:26912	False
61	CHEBI:33838	CHEBI:61120	False
62	FBcv:0000549	CHEBI:67142	False
63	FBcv:0000549	CHEBI:39447	False
64	FBcv:0000549	FBcv:0000548	False
65	FBcv:0000543	FBcv:0000541	False
66	FBcv:0000543	CHEBI:51803	False
67	FBcv:0000543	CHEBI:37598	False
68	FBcv:0000543	FBcv:0000813	False
69	FBcv:0000813	CHEBI:35352	False
70	FBcv:0000813	FBcv:0000526	False
71	CHEBI:37598	CHEBI:35352	False
72	CHEBI:37598	FBcv:0000526	False
73	CHEBI:51803	CHEBI:22213	False
74	FBcv:0000544	FBcv:0000541	False
75	FBcv:0000544	CHEBI:22213	False
76	CHEBI:22213	CHEBI:39206	False
77	GO:0009605	GO:0050896	False
78	GO:0050896	GO:0008150	True
79	FBcv:0000545	FBcv:0000541	False
80	FBcv:0000545	CHEBI:22929	False
81	FBcv:0000546	FBcv:0000541	False
82	FBcv:0000546	CHEBI:36016	False
83	CHEBI:36016	CHEBI:23128	False
84	FBcv:0000540	CHEBI:13941	False
85	FBcv:0000540	CHEBI:23003	False
86	FBcv:0000540	FBcv:0000538	False
87	FBcv:0000538	CHEBI:37022	False
88	CHEBI:23003	CHEBI:33308	False
89	CHEBI:13941	CHEBI:37022	False
90	CHEBI:24853	CHEBI:25435	False
91	FBcv:0000542	FBcv:0000541	False
92	FBcv:0000542	CHEBI:25357	False
93	CHEBI:25357	CHEBI:23003	False
94	CHEBI:25357	CHEBI:38303	False
95	CHEBI:25357	CHEBI:36141	False
96	CHEBI:37577	CHEBI:36357	False
97	CHEBI:36357	CHEBI:23367	False
98	CHEBI:37578	CHEBI:37577	False
99	CHEBI:37578	CHEBI:24471	False
100	CHEBI:24471	CHEBI:33675	False
101	GO:0009611	GO:0006950	False
102	GO:0006950	GO:0050896	False
103	CHEBI:37022	CHEBI:35352	False
104	CHEBI:37022	CHEBI:29067	False
105	FBcv:0000539	CHEBI:13941	False
106	FBcv:0000539	CHEBI:23003	False
107	FBcv:0000539	FBcv:0000538	False
108	FBcv:0000532	CHEBI:38037	False
109	FBcv:0000532	FBcv:0000526	False
110	FBcv:0000526	CHEBI:24431	False
111	FBcv:0000526	FBcv:0000525	False
112	CHEBI:38037	CHEBI:64382	False
113	CHEBI:38037	CHEBI:48544	False
114	FBcv:0000533	CHEBI:25223	False
115	FBcv:0000533	FBcv:0000526	False
116	CHEBI:25223	CHEBI:48544	False
117	FBcv:0000534	CHEBI:23996	False
118	FBcv:0000534	CHEBI:36683	False
119	FBcv:0000534	FBcv:0000526	False
120	CHEBI:36683	CHEBI:23117	False
121	CHEBI:36683	CHEBI:36684	False
122	CHEBI:23996	CHEBI:22327	False
123	FBcv:0000535	CHEBI:35800	False
124	FBcv:0000535	FBcv:0000526	False
125	CHEBI:35800	CHEBI:51143	False
126	FBcv:0000530	CHEBI:25223	False
127	FBcv:0000530	FBcv:0000526	False
128	FBcv:0000531	CHEBI:35800	False
129	FBcv:0000531	FBcv:0000526	False
130	FBcv:0000531	CHEBI:47857	False
131	CHEBI:47857	CHEBI:33256	False
132	GO:0040011	GO:0008150	True
133	FBcv:0000529	CHEBI:25223	False
134	FBcv:0000529	FBcv:0000526	False
135	FBcv:0000529	CHEBI:37143	False
136	CHEBI:37143	CHEBI:36684	False
137	CHEBI:37143	CHEBI:24062	False
138	GO:0040007	GO:0008150	True
139	FBcv:0000452	FBcv:0000807	False
140	CHEBI:22333	CHEBI:25435	False
141	FBcv:0000527	CHEBI:29281	False
142	FBcv:0000527	FBcv:0000526	False
143	CHEBI:29281	CHEBI:26819	False
144	CHEBI:29281	CHEBI:25704	False
145	FBcv:0000528	CHEBI:25223	False
146	FBcv:0000528	CHEBI:36683	False
147	FBcv:0000528	FBcv:0000526	False
148	FBcv:0000521	FBcv:0000519	False
149	FBcv:0000519	FBcv:0000503	False
150	FBcv:0000522	FBcv:0000519	False
151	FBcv:0000523	FBcv:0000519	False
152	FBcv:0000524	FBcv:0000519	False
153	GO:0009628	GO:0050896	False
154	FBcv:0000520	FBcv:0000519	False
155	GO:0009629	GO:0009628	False
156	FBbt:00005093	FBbt:00004856	False
157	FBbt:00004856	FBbt:00100313	False
158	CHEBI:17967	CHEBI:13941	False
159	CHEBI:17967	CHEBI:23003	False
160	CHEBI:17967	FBcv:0000538	False
161	FBcv:0000518	FBcv:0000504	False
162	FBcv:0000504	FBcv:0000503	False
163	FBcv:0000503	FBcv:0000452	False
164	PATO:0000384	PATO:0001894	False
165	PATO:0001894	PATO:0000047	False
166	FBcv:0000514	FBcv:0000504	False
167	PATO:0000383	PATO:0001894	False
168	FBcv:0000515	FBcv:0000504	False
169	CHEBI:21183	FBcv:0000541	False
170	CHEBI:21183	CHEBI:22213	False
171	PATO:0000380	PATO:0000912	False
172	PATO:0000380	PATO:0000044	False
173	PATO:0000044	PATO:0000161	False
174	PATO:0000912	PATO:0002304	False
175	PATO:0000912	PATO:0000161	False
176	FBcv:0000516	FBcv:0000504	False
177	FBdv:00005349	FBdv:00007012	False
178	FBdv:00005349	FBdv:00007001	False
179	FBdv:00007012	FBdv:00005259	False
180	FBdv:00006011	FBdv:00007012	False
181	FBdv:00006011	FBdv:00007001	False
182	FBdv:00007001	FBdv:00007012	False
183	FBdv:00005342	FBdv:00007012	False
184	FBdv:00005342	FBdv:00007001	False
185	CHEBI:21184	CHEBI:36094	False
186	CHEBI:36094	CHEBI:23114	False
187	CHEBI:36094	CHEBI:51069	False
188	PATO:0000381	PATO:0000911	False
189	PATO:0000381	PATO:0000044	False
190	PATO:0000911	PATO:0002302	False
191	PATO:0000911	PATO:0000161	False
192	FBcv:0000517	FBcv:0000516	False
193	FBcv:0000510	FBcv:0000504	False
194	FBcv:0000511	FBcv:0000504	False
195	FBcv:0000512	FBcv:0000504	False
196	FBcv:0000513	FBcv:0000504	False
197	CHEBI:24697	CHEBI:28863	False
198	CHEBI:28863	CHEBI:38672	False
199	GO:0003008	GO:0032501	False
200	GO:0032501	GO:0008150	True
201	GO:0003006	GO:0022414	False
202	GO:0003006	GO:0032502	False
203	GO:0032502	GO:0008150	True
204	GO:0022414	GO:0008150	True
205	GO:0022414	BFO:0000003	True
206	GO:0022414	GO:0000003	False
207	GO:0051179	GO:0008150	True
208	GO:0003002	GO:0007389	False
209	GO:0007389	GO:0044707	False
210	GO:0007389	BFO:0000003	True
211	GO:0007389	GO:0007275	False
212	PATO:0001236	PATO:0000001	False
213	PATO:0000001		False
214	FBcv:0000507	FBcv:0000506	False
215	FBcv:0000506	FBcv:0000504	False
216	FBdv:00005336	FBdv:00007012	False
217	FBdv:00005289	FBdv:00007012	False
218	FBcv:0000508	FBcv:0000506	False
219	FBdv:00005337	FBdv:00007012	False
220	FBdv:00005337	FBdv:00005336	False
221	FBdv:00005338	FBdv:00007012	False
222	FBdv:00005338	FBdv:00005336	False
223	FBcv:0000509	FBcv:0000506	False
224	GO:0040029	GO:0010468	False
225	GO:0010468	GO:0060255	False
226	PATO:0001241	PATO:0000001	False
227	FBcv:0000505	FBcv:0000504	False
228	FBdv:00005339	FBdv:00007012	False
229	FBdv:00005339	FBdv:00005336	False
230	GO:0009648	GO:0009416	False
231	GO:0009416	GO:0009314	False
232	FBcv:0000500	FBcv:0000483	False
233	FBcv:0000483	FBcv:0000452	False
234	GO:0009649	GO:0009605	False
235	GO:0009649	GO:0042752	False
236	GO:0042752	GO:0050789	False
237	CHEBI:27732	CHEBI:27134	False
238	CHEBI:27134	CHEBI:25348	False
239	FBcv:0000501	FBcv:0000483	False
240	GO:0006139	GO:0046483	False
241	GO:0006139	GO:1901360	False
242	GO:0006139	GO:0006725	False
243	GO:0006139	GO:0044238	False
244	GO:0006139	GO:0034641	False
245	GO:0034641	GO:0044237	False
246	GO:0034641	GO:0006807	False
247	GO:0044238	GO:0008152	False
248	GO:0006725	GO:0044237	False
249	GO:1901360	GO:0071704	False
250	GO:0046483	GO:0044237	False
251	CHEBI:26401	CHEBI:35875	False
252	CHEBI:35875	CHEBI:33833	False
253	CHEBI:35875	CHEBI:27171	False
254	CHEBI:35875	CHEBI:38101	False
255	FBcv:0000502	FBcv:0000483	False
256	GO:0022611	GO:0032502	False
257	GO:0022610	GO:0008150	True
258	CHEBI:36684	CHEBI:37578	False
259	CHEBI:36684	CHEBI:33285	False
260	CHEBI:23117	CHEBI:24471	False
261	CHEBI:35352	CHEBI:33285	False
262	CHEBI:35352	CHEBI:51143	False
263	CHEBI:51143	CHEBI:33302	False
264	CHEBI:33285	CHEBI:50860	False
265	CHEBI:36688	CHEBI:33671	False
266	CHEBI:33671	CHEBI:33635	False
267	CHEBI:33671	CHEBI:5686	False
268	PATO:0001696	PATO:0000273	False
269	PATO:0000273	PATO:0001434	False
270	CHEBI:33145	CHEBI:24833	False
271	CHEBI:33145	CHEBI:22916	False
272	CHEBI:22916	CHEBI:33581	False
273	CHEBI:24833	CHEBI:24651	False
274	GO:0009653	GO:0032502	False
275	GO:0009653	BFO:0000003	True
276	GO:0009653	GO:0048856	False
277	GO:0048856	GO:0032502	False
278	CHEBI:22025	CHEBI:36683	False
279	CHEBI:22025	CHEBI:23509	False
280	CHEBI:23509	CHEBI:25359	False
281	CHEBI:23359	CHEBI:38032	False
282	CHEBI:38032	CHEBI:35294	False
283	CHEBI:38032	CHEBI:51959	False
284	GO:0042221	GO:0050896	False
285	GO:0008344	GO:0007626	False
286	GO:0008344	GO:0030534	False
287	GO:0030534	GO:0044707	False
288	GO:0030534	GO:0044708	False
289	GO:0007626	GO:0007610	False
290	CHEBI:24651	CHEBI:33608	False
291	CHEBI:24651	CHEBI:37577	False
292	CHEBI:24651	CHEBI:25806	False
293	CHEBI:25806	CHEBI:33304	False
294	CHEBI:33608	CHEBI:33674	False
295	CHEBI:25985	CHEBI:25359	False
296	CHEBI:25359	CHEBI:33709	False
297	CHEBI:26835	CHEBI:33304	False
298	CHEBI:33304	CHEBI:33675	False
299	CHEBI:35300	CHEBI:33639	False
300	CHEBI:35300	CHEBI:33848	False
301	CHEBI:33848	CHEBI:33658	False
302	CHEBI:33848	CHEBI:33666	False
303	CHEBI:33639	CHEBI:35293	False
304	CHEBI:50930	CHEBI:26979	False
305	CHEBI:26979	CHEBI:36688	False
306	CHEBI:26979	CHEBI:38166	False
307	CHEBI:26979	CHEBI:51959	False
308	FBdv:00005369	FBdv:00007012	False
309	CHEBI:37949	CHEBI:25693	False
310	CHEBI:37949	CHEBI:38101	False
311	CHEBI:38101	CHEBI:24532	False
312	CHEBI:38101	CHEBI:35352	False
313	CHEBI:25693	CHEBI:24532	False
314	CHEBI:25693	CHEBI:33670	False
315	CHEBI:33582	CHEBI:33675	False
316	CHEBI:33675	CHEBI:33579	False
317	CHEBI:33581	CHEBI:33675	False
318	CHEBI:24632	CHEBI:33245	False
319	CHEBI:33245	CHEBI:50860	False
320	CHEBI:33245	CHEBI:37175	False
321	CHEBI:26819	CHEBI:35701	False
322	CHEBI:26819	CHEBI:37826	False
323	CHEBI:37826	CHEBI:33424	False
324	CHEBI:35701	CHEBI:50860	False
325	FBdv:00005370	FBdv:00005259	False
326	FBdv:00005370	FBdv:00007025	False
327	FBdv:00005259	BFO:0000003	True
328	FBdv:00005371	FBdv:00005259	False
329	FBdv:00005371	FBdv:00007025	False
330	FBdv:00007025	FBdv:00007012	False
331	FBdv:00006012	FBdv:00005259	False
332	FBdv:00006012	FBdv:00007025	False
333	GO:0006807	GO:0008152	False
334	GO:0044237	GO:0008152	False
335	GO:0044237	GO:0009987	False
336	CHEBI:33598	CHEBI:33597	False
337	CHEBI:33598	CHEBI:33832	False
338	CHEBI:33597	CHEBI:33595	False
339	GO:0090304	GO:0006139	False
340	GO:0090304	GO:0043170	False
341	GO:0043170	GO:0071704	False
342	CHEBI:33595	CHEBI:36357	False
343	GO:0007049	GO:0044763	False
344	GO:0044763	GO:0009987	False
345	GO:0044763	GO:0044699	False
346	CHEBI:26820	CHEBI:37826	False
347	CHEBI:3992	CHEBI:17087	False
348	CHEBI:17087	CHEBI:36586	False
349	CHEBI:26822	CHEBI:26835	False
350	CHEBI:26823	CHEBI:48854	False
351	CHEBI:48854	CHEBI:33402	False
352	FBcv:0003199	FBcv:0003191	False
353	FBcv:0003191	FBcv:0003175	False
354	FBcv:0003197	FBcv:0003191	False
355	FBcv:0003198	FBcv:0003191	False
356	FBcv:0003195	FBcv:0003191	False
357	FBcv:0003196	FBcv:0003191	False
358	FBcv:0003193	FBcv:0003191	False
359	FBcv:0003194	FBcv:0003191	False
360	FBcv:0003175	FBcv:0003121	False
361	FBcv:0003192	FBcv:0003191	False
362	FBcv:0003190	FBcv:0003186	False
363	FBcv:0003186	FBcv:0003175	False
364	CHEBI:33118	FBcv:0000553	False
365	CHEBI:33118	CHEBI:59765	False
366	CHEBI:33118	CHEBI:24835	False
367	CHEBI:29067	CHEBI:25696	False
368	CHEBI:29067	CHEBI:35406	False
369	CHEBI:35406	CHEBI:25741	False
370	CHEBI:35406	CHEBI:33273	False
371	CHEBI:25696	CHEBI:22563	False
372	CHEBI:25696	CHEBI:25699	False
373	CHEBI:33560	CHEBI:33318	False
374	CHEBI:33318	CHEBI:33250	False
375	FBcv:0003188	FBcv:0003186	False
376	FBcv:0003189	FBcv:0003186	False
377	FBcv:0003187	FBcv:0003186	False
378	FBcv:0003184	FBcv:0003176	False
379	FBcv:0003176	FBcv:0003175	False
380	FBcv:0003185	FBcv:0003176	False
381	FBcv:0003182	FBcv:0003176	False
382	FBcv:0003183	FBcv:0003176	False
383	FBcv:0003180	FBcv:0003176	False
384	FBcv:0003181	FBcv:0003176	False
385	CHEBI:33579	CHEBI:23367	False
386	CHEBI:33575	CHEBI:36586	False
387	CHEBI:33575	CHEBI:35605	False
388	CHEBI:33575	CHEBI:64709	False
389	CHEBI:35605	CHEBI:24833	False
390	CHEBI:35605	CHEBI:36963	False
391	CHEBI:36586	CHEBI:36963	False
392	CHEBI:36586	CHEBI:36587	False
393	FBcv:0003179	FBcv:0003176	False
394	CHEBI:26800	CHEBI:26513	False
395	CHEBI:26513	CHEBI:27171	False
396	CHEBI:26513	CHEBI:38101	False
397	CHEBI:26513	CHEBI:33655	False
398	CHEBI:24624	CHEBI:38037	False
399	CHEBI:24624	FBcv:0000526	False
400	FBcv:0003177	FBcv:0003176	False
401	FBcv:0003178	FBcv:0003176	False
402	FBcv:0003121	FBcv:0003021	False
403	FBcv:0003173	FBcv:0003164	False
404	FBcv:0003164	FBcv:0003137	False
405	FBcv:0003174	FBcv:0003164	False
406	FBcv:0003171	FBcv:0003164	False
407	FBcv:0003172	FBcv:0003164	False
408	FBcv:0003170	FBcv:0003164	False
409	CHEBI:34873	CHEBI:35803	False
410	CHEBI:35803	CHEBI:35800	False
411	GO:0055115	GO:0044767	False
412	GO:0055115	GO:0022611	False
413	GO:0044767	GO:0032502	False
414	GO:0044767	GO:0044699	False
415	GO:0055116	GO:0055115	False
416	FBcv:0003168	FBcv:0003164	False
417	FBcv:0003169	FBcv:0003164	False
418	FBcv:0003166	FBcv:0003164	False
419	FBcv:0003167	FBcv:0003164	False
420	FBcv:0003137	FBcv:0003121	False
421	FBcv:0003165	FBcv:0003164	False
422	FBcv:0003162	FBcv:0003155	False
423	FBcv:0003155	FBcv:0003137	False
424	FBcv:0003163	FBcv:0003155	False
425	FBcv:0003160	FBcv:0003155	False
426	FBcv:0003161	FBcv:0003155	False
427	GO:0009266	GO:0009628	False
428	CHEBI:33555	CHEBI:33551	False
429	CHEBI:33551	CHEBI:33261	False
430	CHEBI:33551	CHEBI:33552	False
431	PATO:0000770	PATO:0000188	False
432	PATO:0000188	PATO:0000186	False
433	CHEBI:33552	CHEBI:33424	False
434	CHEBI:33424	CHEBI:26835	False
435	CHEBI:33424	CHEBI:33241	False
436	CHEBI:33261	CHEBI:26835	False
437	CHEBI:33261	CHEBI:36962	False
438	FBcv:0003159	FBcv:0003155	False
439	FBcv:0003157	FBcv:0003155	False
440	FBcv:0003158	FBcv:0003155	False
441	FBcv:0003156	FBcv:0003155	False
442	FBcv:0004000	FBcv:0000681	False
443	FBcv:0000681	FBcv:0001347	False
444	PATO:0000460	PATO:0000069	False
445	GO:0050953	GO:0007600	False
446	FBcv:0003153	FBcv:0003146	False
447	FBcv:0003146	FBcv:0003137	False
448	FBcv:0003154	FBcv:0003146	False
449	FBcv:0003151	FBcv:0003146	False
450	FBcv:0003152	FBcv:0003146	False
451	FBcv:0003150	FBcv:0003146	False
452	PATO:0001623	PATO:0000587	False
453	PATO:0000587	PATO:0002303	False
454	PATO:0000587	PATO:0000117	False
455	GO:0043153	GO:0009649	False
456	GO:0043153	GO:0009648	False
457	PATO:0002083	PATO:0001555	False
458	PATO:0001555	PATO:0001241	False
459	CHEBI:64382	CHEBI:24868	False
460	CHEBI:24868	CHEBI:24866	False
461	CHEBI:33655	CHEBI:33595	False
462	CHEBI:51069	CHEBI:24868	False
463	CHEBI:51067	CHEBI:33836	False
464	CHEBI:33836	CHEBI:33659	False
465	CHEBI:33836	CHEBI:33598	False
466	GO:0043052	GO:0042330	False
467	GO:0043052	GO:0009266	False
468	GO:0042330	GO:0040011	False
469	GO:0042330	BFO:0000003	True
470	GO:0042330	GO:0009605	False
471	CHEBI:22526	FBcv:0000551	False
472	CHEBI:22526	CHEBI:35692	False
473	CHEBI:33659	CHEBI:33655	False
474	CHEBI:33659	CHEBI:33832	False
475	CHEBI:33658	CHEBI:33659	False
476	CHEBI:33658	CHEBI:33663	False
477	CHEBI:33663	CHEBI:24632	False
478	CHEBI:33663	CHEBI:33598	False
479	CHEBI:51052	CHEBI:50930	False
480	CHEBI:35807	CHEBI:35803	False
481	PATO:0002062	PATO:0001236	False
482	FBcv:0003240	FBcv:0003208	False
483	FBcv:0003208	FBcv:0003175	False
484	CHEBI:35813	CHEBI:33261	False
485	FBcv:0003238	FBcv:0003222	False
486	FBcv:0003222	FBcv:0003121	False
487	FBcv:0003239	FBcv:0003007	False
488	FBcv:0003007	FBcv:0000452	False
489	FBcv:0003236	FBcv:0003222	False
490	FBcv:0003237	FBcv:0003222	False
491	FBcv:0003234	FBcv:0003222	False
492	FBcv:0003235	FBcv:0003222	False
493	FBcv:0003232	FBcv:0003222	False
494	FBcv:0003233	FBcv:0003222	False
495	FBcv:0003230	FBcv:0003222	False
496	FBcv:0003231	FBcv:0003222	False
497	CHEBI:35293	CHEBI:33635	False
498	CHEBI:33637	CHEBI:35293	False
499	FBdv:00007026	FBdv:00007012	False
500	CHEBI:33636	CHEBI:33595	False
501	CHEBI:33635	CHEBI:33595	False
502	FBcv:0003229	FBcv:0003222	False
503	FBcv:0003227	FBcv:0003222	False
504	FBcv:0003228	FBcv:0003222	False
505	FBcv:0003225	FBcv:0003222	False
506	FBcv:0003226	FBcv:0003222	False
507	FBcv:0000199	FBcv:0000189	False
508	FBcv:0000189	FBcv:0000188	False
509	FBcv:0003223	FBcv:0003222	False
510	FBcv:0003224	FBcv:0003222	False
511	FBcv:0000194	FBcv:0000189	False
512	FBcv:0003221	FBcv:0003208	False
513	FBcv:0000195	FBcv:0000189	False
514	FBcv:0000197	FBcv:0000189	False
515	FBcv:0003220	FBcv:0003208	False
516	GO:0006928	GO:0044763	False
517	FBcv:0000190	FBcv:0000189	False
518	FBcv:0000192	FBcv:0000194	False
519	FBcv:0000193	FBcv:0000189	False
520	CHEBI:33674	CHEBI:33579	False
521	CHEBI:28262	CHEBI:35813	False
522	FBcv:0003218	FBcv:0003208	False
523	FBcv:0003219	FBcv:0003208	False
524	FBcv:0003216	FBcv:0003208	False
525	GO:0001738	GO:0002009	False
526	GO:0002009	GO:0048729	False
527	GO:0002009	GO:0060429	False
528	FBcv:0003217	FBcv:0003208	False
529	GO:0001736	GO:0007164	False
530	GO:0001736	GO:0001738	False
531	GO:0007164	GO:0044767	False
532	GO:0007164	GO:0009653	False
533	FBcv:0003214	FBcv:0003240	False
534	FBcv:0003215	FBcv:0003240	False
535	FBcv:0000188	FBcv:0000013	False
536	FBcv:0000013	FBcv:0000000	True
537	FBcv:0003212	FBcv:0003211	False
538	FBcv:0003211	FBcv:0003208	False
539	FBcv:0003213	FBcv:0003211	False
540	FBcv:0003210	FBcv:0003208	False
541	CHEBI:17102	CHEBI:33256	False
542	CHEBI:33256	CHEBI:32988	False
543	PATO:0000719	PATO:0000169	False
544	PATO:0000169	PATO:0001995	False
545	PATO:0000718	PATO:0000169	False
546	FBcv:0003209	FBcv:0003208	False
547	FBcv:0003207	FBcv:0003191	False
548	GO:0060429	GO:0009888	False
549	GO:0009888	GO:0048856	False
550	FBcv:0003205	FBcv:0003191	False
551	FBcv:0003206	FBcv:0003191	False
552	FBcv:0000176	FBcv:0000005	False
553	FBcv:0000005	FBcv:0000000	True
554	FBcv:0003203	FBcv:0003191	False
555	FBcv:0003204	FBcv:0003191	False
556	FBcv:0003201	FBcv:0003191	False
557	FBcv:0003202	FBcv:0003191	False
558	CHEBI:20787	CHEBI:51067	False
559	CHEBI:20787	CHEBI:37141	False
560	CHEBI:37141	CHEBI:22928	False
561	CHEBI:37141	CHEBI:36684	False
562	FBcv:0000172	FBcv:0000166	False
563	FBcv:0000166	FBcv:0000005	False
564	FBcv:0003200	FBcv:0003191	False
565	CHEBI:51959	CHEBI:51958	False
566	CHEBI:35294	CHEBI:35295	False
567	CHEBI:35294	CHEBI:33598	False
568	CHEBI:38034	CHEBI:25477	False
569	CHEBI:25477	CHEBI:33836	False
570	CHEBI:25477	CHEBI:36785	False
571	FBcv:0000170	FBcv:0000166	False
572	CHEBI:48544	CHEBI:33261	False
573	FBcv:0000171	FBcv:0000166	False
574	FBcv:0000169	FBcv:0000166	False
575	GO:0005623	GO:0005575	True
576	GO:0006955	GO:0050896	False
577	GO:0006955	GO:0002376	False
578	GO:0002376	GO:0008150	True
579	FBcv:0000167	FBcv:0000166	False
580	FBcv:0000168	FBcv:0000166	False
581	FBcv:0000161	FBcv:0000685	False
582	FBcv:0000685	FBcv:0000809	False
583	FBcv:0000162	FBcv:0000161	False
584	FBcv:0000163	FBcv:0000161	False
585	FBcv:0000164	FBcv:0000685	False
586	GO:0060004	GO:0009605	False
587	PATO:0002001	PATO:0002303	False
588	PATO:0002001	PATO:0001999	False
589	PATO:0001999	PATO:0002083	False
590	PATO:0002303	PATO:0001241	False
591	PATO:0002303	PATO:0002301	False
592	PATO:0002002	PATO:0002305	False
593	PATO:0002002	PATO:0002083	False
594	PATO:0002305	PATO:0001241	False
595	PATO:0002305	PATO:0002300	False
596	FBcv:0000154	FBcv:0000797	False
597	FBcv:0000797	FBcv:0000809	False
598	FBcv:0000155	FBcv:0000687	False
599	FBcv:0000687	FBcv:0000013	False
600	FBcv:0001003	FBcv:0000747	False
601	FBcv:0001003	FBcv:0000739	False
602	FBcv:0000739	FBcv:0000688	False
603	FBcv:0000739	FBcv:0000745	False
604	FBcv:0000747	FBcv:0000745	False
605	FBcv:0000312	FBcv:0000310	False
606	FBcv:0000150	FBcv:0000052	False
607	FBcv:0000052	FBcv:0000005	False
608	FBcv:0000153	FBcv:0000797	False
609	GO:0006970	GO:0009628	False
610	GO:0006970	GO:0006950	False
611	PATO:0002011	PATO:0000141	False
612	PATO:0000141	PATO:0000051	False
613	FBcv:0000147	FBcv:0000322	False
614	FBcv:0000322	FBcv:0000654	False
615	GO:0006974	GO:0033554	False
616	GO:0033554	GO:0051716	False
617	GO:0033554	GO:0006950	False
618	FBcv:0000148	FBcv:0000322	False
619	FBcv:0000149	FBcv:0000189	False
620	FBcv:0000143	FBcv:0000141	False
621	FBcv:0000141	FBcv:0000052	False
622	FBcv:0000145	FBcv:0000052	False
623	FBcv:0000146	FBcv:0003007	False
624	GO:0006979	GO:0006950	False
625	FBcv:0000140	FBcv:0000233	False
626	FBcv:0000233	FBcv:0000189	False
627	CHEBI:37175	CHEBI:33692	False
628	CHEBI:33692	CHEBI:33608	False
629	CHEBI:33692	CHEBI:37577	False
630	FBcv:0000142	FBcv:0000141	False
631	CHEBI:22926	CHEBI:24472	False
632	CHEBI:22926	CHEBI:37141	False
633	CHEBI:24472	CHEBI:36684	False
634	CHEBI:22928	CHEBI:24471	False
635	CHEBI:24469	CHEBI:24472	False
636	CHEBI:15369	CHEBI:23239	False
637	CHEBI:23239	CHEBI:25903	False
638	CHEBI:26491	CHEBI:35504	False
639	CHEBI:35504	CHEBI:37577	False
640	FBcv:0000136	FBcv:0000074	False
641	FBcv:0000074	FBcv:0000052	False
642	FBcv:0000137	FBcv:0000074	False
643	FBcv:0000139	FBcv:0000074	False
644	FBcv:0000132	FBcv:0000074	False
645	FBcv:0000133	FBcv:0000074	False
646	FBcv:0000134	FBcv:0000074	False
647	FBcv:0000135	FBcv:0000074	False
648	FBcv:0000130	FBcv:0000074	False
649	FBcv:0000131	FBcv:0000074	False
650	CHEBI:24062	CHEBI:24471	False
651	FBcv:0000129	FBcv:0000074	False
652	FBcv:0000125	FBcv:0000074	False
653	FBcv:0000126	FBcv:0000074	False
654	FBcv:0000127	FBcv:0000074	False
655	FBcv:0000128	FBcv:0000074	False
656	FBcv:0000121	FBcv:0000074	False
657	FBcv:0000122	FBcv:0000074	False
658	FBcv:0000123	FBcv:0000074	False
659	FBcv:0000124	FBcv:0000074	False
660	FBcv:0000120	FBcv:0000074	False
661	FBcv:0000118	FBcv:0000074	False
662	FBcv:0000119	FBcv:0000074	False
663	FBcv:0000114	FBcv:0000074	False
664	FBcv:0000115	FBcv:0000074	False
665	FBcv:0000599	CHEBI:36683	False
666	FBcv:0000116	FBcv:0000074	False
667	FBcv:0000117	FBcv:0000074	False
668	FBcv:0000110	FBcv:0000074	False
669	FBcv:0000594	CHEBI:33856	False
670	FBcv:0000594	CHEBI:36683	False
671	CHEBI:33856	CHEBI:33659	False
672	CHEBI:33856	CHEBI:33709	False
673	FBcv:0000111	FBcv:0000074	False
674	FBcv:0000595	CHEBI:25985	False
675	FBcv:0000595	CHEBI:36683	False
676	FBcv:0000112	FBcv:0000074	False
677	FBcv:0000596	CHEBI:25985	False
678	FBcv:0000596	CHEBI:37598	False
679	FBcv:0000596	FBcv:0000813	False
680	FBcv:0000596	CHEBI:36683	False
681	FBcv:0000113	FBcv:0000074	False
682	FBcv:0000597	CHEBI:25985	False
683	FBcv:0000597	CHEBI:36683	False
684	FBcv:0000590	CHEBI:24431	False
685	FBcv:0000590	FBcv:0000525	False
686	FBcv:0000591	CHEBI:24431	False
687	FBcv:0000591	FBcv:0000525	False
688	FBcv:0000592	CHEBI:47857	False
689	FBcv:0000593	CHEBI:35803	False
690	CHEBI:50102	CHEBI:47857	False
691	FBcv:0000107	FBcv:0000074	False
692	FBcv:0000108	FBcv:0000074	False
693	PATO:0002052	PATO:0002302	False
694	PATO:0002052	PATO:0000057	False
695	PATO:0000057	PATO:0002323	False
696	PATO:0002302	PATO:0001236	False
697	PATO:0002302	PATO:0002301	False
698	FBcv:0000109	FBcv:0000074	False
699	FBcv:0000103	FBcv:0000074	False
700	FBcv:0000587	CHEBI:17102	False
701	PATO:0002051	PATO:0002304	False
702	PATO:0002051	PATO:0000057	False
703	PATO:0002304	PATO:0001236	False
704	PATO:0002304	PATO:0002300	False
705	FBcv:0000104	FBcv:0000074	False
706	FBcv:0000588	FBcv:0000553	False
707	FBcv:0000588	CHEBI:24473	False
708	FBcv:0000588	CHEBI:24835	False
709	CHEBI:24473	CHEBI:33560	False
710	CHEBI:24473	CHEBI:25585	False
711	CHEBI:26004	CHEBI:33659	False
712	FBcv:0000105	FBcv:0000074	False
713	FBcv:0000589	CHEBI:36094	False
714	FBcv:0000106	FBcv:0000074	False
715	FBcv:0000583	CHEBI:38517	False
716	CHEBI:38517	CHEBI:24921	False
717	CHEBI:38517	CHEBI:38518	False
718	FBcv:0000100	FBcv:0000074	False
719	FBcv:0000584	CHEBI:17478	False
720	FBcv:0000584	CHEBI:64708	False
721	CHEBI:17478	CHEBI:36586	False
722	FBcv:0000101	FBcv:0000074	False
723	FBcv:0000585	CHEBI:38749	False
724	FBcv:0000585	CHEBI:38738	False
725	FBcv:0000585	CHEBI:26587	False
726	FBcv:0000585	CHEBI:48024	False
727	FBcv:0000585	CHEBI:63353	False
728	CHEBI:63353	CHEBI:63299	False
729	CHEBI:48024	CHEBI:24697	False
730	CHEBI:26587	CHEBI:26548	False
731	CHEBI:38738	CHEBI:25240	False
732	CHEBI:38749	CHEBI:24697	False
733	FBcv:0000102	FBcv:0000074	False
734	FBcv:0000586	CHEBI:38175	False
735	CHEBI:38175	CHEBI:26588	False
736	FBcv:0000580	CHEBI:25698	False
737	CHEBI:25698	CHEBI:36963	False
738	FBcv:0000581	CHEBI:36389	False
739	FBcv:0000581	CHEBI:22681	False
740	FBcv:0000581	CHEBI:37949	False
741	CHEBI:22681	CHEBI:25693	False
742	CHEBI:22681	CHEBI:38101	False
743	CHEBI:36389	CHEBI:36388	False
744	CHEBI:36389	CHEBI:25693	False
745	FBcv:0000582	CHEBI:24431	False
746	FBcv:0000582	FBcv:0000525	False
747	GO:0018991	GO:0019098	False
748	GO:0019098	GO:0048609	False
749	GO:0019098	GO:0007610	False
750	FBbt:00005155	FBbt:00100313	False
751	FBbt:00100313	FBbt:00007001	False
752	FBcv:0000576	CHEBI:51214	False
753	CHEBI:51214	CHEBI:33862	False
754	CHEBI:27789	FBcv:0000541	False
755	CHEBI:27789	CHEBI:36016	False
756	FBcv:0000577	CHEBI:38032	False
757	FBcv:0000578	CHEBI:35813	False
758	FBcv:0000579	CHEBI:33696	False
759	CHEBI:33696	CHEBI:15986	False
760	CHEBI:5686	CHEBI:33595	False
761	FBcv:0000572	CHEBI:51067	False
762	FBcv:0000572	CHEBI:37141	False
763	FBcv:0000573	CHEBI:15369	False
764	FBcv:0000574	CHEBI:35300	False
765	FBcv:0000575	CHEBI:27134	False
766	FBcv:0000570	CHEBI:46789	False
767	CHEBI:46789	CHEBI:25698	False
768	CHEBI:46789	CHEBI:30879	False
769	FBcv:0000571	CHEBI:36820	False
770	FBcv:0000571	CHEBI:22729	False
771	CHEBI:22729	CHEBI:36141	False
772	CHEBI:36820	CHEBI:33595	False
773	FBbt:00005168	FBbt:00005155	False
774	FBbt:00005162	FBbt:00005155	False
775	FBcv:0000569	CHEBI:50930	False
776	FBcv:0000565	FBcv:0000005	False
777	FBcv:0000566	CHEBI:24431	False
778	FBcv:0000566	FBcv:0000525	False
779	FBcv:0000567	CHEBI:24431	False
780	FBcv:0000567	FBcv:0000525	False
781	FBcv:0000568	CHEBI:36336	False
782	FBcv:0000568	CHEBI:38034	False
783	CHEBI:36336	CHEBI:25477	False
784	CHEBI:36336	CHEBI:33555	False
785	FBcv:0000562	CHEBI:35296	False
786	CHEBI:35296	CHEBI:35427	False
787	CHEBI:35296	CHEBI:33848	False
788	FBcv:0000563	CHEBI:25223	False
789	FBcv:0000564	CHEBI:24431	False
790	FBcv:0000564	FBcv:0000525	False
791	FBcv:0000560	FBcv:0000558	False
792	CHEBI:37595	FBcv:0000541	False
793	CHEBI:37595	CHEBI:51803	False
794	CHEBI:37595	CHEBI:37598	False
795	CHEBI:37595	FBcv:0000813	False
796	CHEBI:16670	CHEBI:37622	False
797	CHEBI:16670	CHEBI:50047	False
798	CHEBI:50047	CHEBI:35352	False
799	CHEBI:37622	CHEBI:36963	False
800	CHEBI:37622	CHEBI:35352	False
801	CHEBI:37622	CHEBI:33256	False
802	CHEBI:38443	CHEBI:22727	False
803	CHEBI:22727	CHEBI:38104	False
804	CHEBI:22727	CHEBI:38166	False
805	CHEBI:30969	CHEBI:36389	False
806	CHEBI:30969	CHEBI:22681	False
807	CHEBI:30969	CHEBI:37949	False
808	PATO:0000462	PATO:0000070	False
809	PATO:0000070	PATO:0000068	False
810	FBcv:0000679	FBcv:0000387	False
811	FBcv:0000679	FBcv:0000394	False
812	FBcv:0000394	FBcv:0001347	False
813	FBcv:0000387	FBcv:0001347	False
814	GO:0048512	GO:0007622	False
815	GO:0048512	GO:0007623	False
816	PATO:0000069	PATO:0000068	False
817	GO:0009953	GO:0003002	False
818	GO:0009950	GO:0009798	False
819	GO:0009950	GO:0009953	False
820	GO:0009798	GO:0007389	False
821	FBcv:0000677	FBcv:0000074	False
822	FBcv:0000678	FBcv:0000074	False
823	FBcv:0000671	FBcv:0001347	False
824	FBcv:0001347	FBcv:0000347	False
825	FBcv:0000672	FBcv:0000432	False
826	FBcv:0000432	FBcv:0000671	False
827	GO:0007113	GO:0000278	False
828	FBcv:0000670	FBcv:0001347	False
829	GO:0007562	BFO:0000003	True
830	GO:0007562	GO:0071684	False
831	GO:0007562	GO:0007275	False
832	GO:0044710	GO:0008152	False
833	GO:0044710	GO:0044699	False
834	GO:0044699	GO:0008150	True
835	GO:0008152	GO:0008150	True
836	GO:0010941	GO:0050794	False
837	GO:0050794	GO:0050789	False
838	GO:0008219	GO:0044763	False
839	GO:0044708	GO:0044699	False
840	GO:0044708	GO:0007610	False
841	GO:0007610	GO:0008150	True
842	FBcv:0000668	FBcv:0001347	False
843	GO:0007155	GO:0022610	False
844	CHEBI:50893	CHEBI:33833	False
845	CHEBI:50893	CHEBI:38101	False
846	CHEBI:33833	CHEBI:33659	False
847	CHEBI:33833	CHEBI:24532	False
848	FBcv:0000669	FBcv:0000387	False
849	GO:0035187	GO:0044707	False
850	GO:0035187	BFO:0000003	True
851	GO:0035187	GO:0044708	False
852	GO:0035187	GO:0035188	False
853	FBcv:0000665	FBcv:0000354	False
854	FBcv:0000665	FBcv:0000357	False
855	FBcv:0000357	PATO:0000117	False
856	FBcv:0000357	FBcv:0001347	False
857	FBcv:0000354	FBcv:0001347	False
858	FBbt:00000001	FBbt:00100313	False
859	GO:0044702	GO:0022414	False
860	GO:0044702	GO:0044699	False
861	CHEBI:36785	CHEBI:33636	False
862	CHEBI:36785	CHEBI:35294	False
863	FBcv:0000667	FBcv:0000189	False
864	GO:0044703	GO:0051704	False
865	GO:0044703	GO:0022414	False
866	GO:0051704	GO:0008150	True
867	GO:0044704	GO:0044702	False
868	GO:0044704	GO:0019098	False
869	GO:0044704	GO:0044708	False
870	GO:0044705	GO:0051705	False
871	GO:0044705	GO:0044703	False
872	GO:0044705	GO:0019098	False
873	GO:0051705	GO:0051704	False
874	GO:0051705	GO:0007610	False
875	GO:0044706	GO:0051704	False
876	GO:0044706	GO:0032501	False
877	GO:0044707	GO:0032501	False
878	GO:0044707	GO:0044699	False
879	CHEBI:38303	CHEBI:38101	False
880	CHEBI:38303	CHEBI:38163	False
881	CHEBI:38163	CHEBI:38166	False
882	FBbt:00007001	FBbt:00007016	False
883	PATO:0001770	PATO:0000169	False
884	FBcv:0000653	FBcv:0000052	False
885	FBcv:0001500	FBcv:0000483	False
886	FBcv:0000654	FBcv:0000052	False
887	CHEBI:28954	CHEBI:38517	False
888	FBcv:0000650	FBcv:0000189	False
889	FBcv:0000652	FBcv:0000189	False
890	PATO:0001300	PATO:0001291	False
891	PATO:0001291	PATO:0001739	False
892	GO:0009987	GO:0008150	True
893	GO:0046903	GO:0044765	False
894	GO:0044765	GO:0006810	False
895	GO:0044765	GO:1902578	False
896	CHEBI:16991	CHEBI:33696	False
897	CHEBI:36587	CHEBI:50860	False
898	CHEBI:36963	CHEBI:36962	False
899	CHEBI:36963	CHEBI:25806	False
900	GO:0009991	GO:0009605	False
901	CHEBI:35222	CHEBI:51086	False
902	CHEBI:51086	CHEBI:50906	True
903	FBcv:0005083	FBcv:0005042	False
904	FBcv:0005042	FBcv:0005001	False
905	FBcv:0005082	FBcv:0005081	False
906	FBcv:0005081	FBcv:0005001	False
907	FBcv:0005001	FBcv:0000013	False
908	FBcv:0005080	FBcv:0005075	False
909	FBcv:0005075	FBcv:0005001	False
910	CHEBI:37407	CHEBI:38104	False
911	CHEBI:37407	CHEBI:25698	False
912	CHEBI:38104	CHEBI:36963	False
913	CHEBI:38104	CHEBI:24532	False
914	CHEBI:25240	CHEBI:28863	False
915	FBcv:0000628	FBcv:0000620	False
916	FBcv:0000620	FBcv:0000005	False
917	FBcv:0000624	FBcv:0000620	False
918	FBcv:0000625	FBcv:0000620	False
919	FBcv:0000626	FBcv:0000620	False
920	FBcv:0000627	FBcv:0000620	False
921	CHEBI:25434	CHEBI:23996	False
922	CHEBI:25434	CHEBI:36683	False
923	CHEBI:25434	FBcv:0000526	False
924	CHEBI:25435	CHEBI:52209	False
925	CHEBI:52209	CHEBI:24432	False
926	FBcv:0000621	FBcv:0000620	False
927	FBcv:0000622	FBcv:0000620	False
928	FBcv:0000623	FBcv:0000620	False
929	FBcv:0005079	FBcv:0005075	False
930	FBcv:0005078	FBcv:0005077	False
931	FBcv:0005077	FBcv:0005075	False
932	FBcv:0005076	FBcv:0005075	False
933	FBcv:0005074	FBcv:0005068	False
934	FBcv:0005068	FBcv:0005001	False
935	FBcv:0005073	FBcv:0005068	False
936	FBcv:0005072	FBcv:0005068	False
937	FBcv:0005071	FBcv:0005068	False
938	FBcv:0005070	FBcv:0005068	False
939	FBcv:0005069	FBcv:0005068	False
940	PCO:0000001	BFO:0000027	False
941	CARO:0000012	BFO:0000004	False
942	FBcv:0005067	FBcv:0005066	False
943	FBcv:0005066	FBcv:0005061	False
944	FBcv:0005061	FBcv:0005058	False
945	FBcv:0005065	FBcv:0005064	False
946	FBcv:0005064	FBcv:0005059	False
947	FBcv:0005059	FBcv:0005058	False
948	FBcv:0005063	FBcv:0005075	False
949	FBcv:0005062	FBcv:0005075	False
950	FBcv:0005058	FBcv:0005001	False
951	FBcv:0005060	FBcv:0005082	False
952	FBcv:0005060	FBcv:0005058	False
953	GO:0042594	GO:0031667	False
954	GO:0042594	GO:0006950	False
955	GO:0031667	GO:0009991	False
956	FBcv:0000602	CHEBI:36683	False
957	FBcv:0000602	CHEBI:23509	False
958	FBcv:0000603	CHEBI:26513	False
959	FBcv:0000604	CHEBI:25435	False
960	FBcv:0000604	CHEBI:24431	False
961	FBcv:0000604	FBcv:0000525	False
962	FBcv:0000605	CHEBI:26588	False
963	CHEBI:26588	CHEBI:38102	False
964	CHEBI:24564	CHEBI:38175	False
965	FBcv:0000600	CHEBI:36683	False
966	CHEBI:24565	CHEBI:17102	False
967	FBcv:0000601	CHEBI:35504	False
968	CHEBI:25903	CHEBI:16670	False
969	GO:0048729	GO:0044767	False
970	GO:0048729	GO:0009653	False
971	GO:0048729	GO:0009888	False
972	FBcv:0005057	FBcv:0005056	False
973	FBcv:0005056	FBcv:0005001	False
974	FBcv:0005055	FBcv:0005051	False
975	FBcv:0005051	FBcv:0005001	False
976	FBcv:0005054	FBcv:0005051	False
977	FBcv:0005053	FBcv:0005051	False
978	FBcv:0005052	FBcv:0005051	False
979	GO:1902578	GO:0044699	False
980	GO:1902578	GO:0051179	False
981	GO:0006810	GO:0051234	False
982	FBcv:0005050	FBcv:0005044	False
983	FBcv:0005044	FBcv:0005001	False
984	PATO:0000014	PATO:0001300	False
985	CHEBI:33484	CHEBI:24833	False
986	CHEBI:24532	CHEBI:5686	False
987	CHEBI:24532	CHEBI:33285	False
988	CHEBI:24532	CHEBI:33832	False
989	CHEBI:26714	CHEBI:26712	False
990	CHEBI:26714	CHEBI:35479	False
991	CHEBI:35479	CHEBI:24866	False
992	CHEBI:35479	CHEBI:33296	False
993	CHEBI:26712	CHEBI:33296	False
994	CHEBI:33296	CHEBI:33674	False
995	FBcv:0005049	FBcv:0005044	False
996	FBcv:0005048	FBcv:0005044	False
997	FBcv:0005047	FBcv:0005044	False
998	FBcv:0005046	FBcv:0005045	False
999	FBcv:0005045	FBcv:0005044	False
1000	FBcv:0005043	FBcv:0005042	False
1001	FBcv:0005041	FBcv:0005039	False
1002	FBcv:0005039	FBcv:0005038	False
1003	FBcv:0005040	FBcv:0005038	False
1004	FBcv:0005038	FBcv:0005037	False
1005	CHEBI:46790	CHEBI:46789	False
1006	CHEBI:33497	CHEBI:23367	False
1007	GO:0007275	GO:0044707	False
1008	GO:0007275	GO:0044767	False
1009	GO:0007275	GO:0048856	False
1010	CHEBI:28901	CHEBI:25223	False
1011	FBcv:0005037	FBcv:0005001	False
1012	FBcv:0005036	FBcv:0005001	False
1013	FBcv:0005035	FBcv:0005023	False
1014	FBcv:0005023	FBcv:0005022	False
1015	FBcv:0005034	FBcv:0005023	False
1016	FBcv:0005033	FBcv:0005023	False
1017	FBcv:0005032	FBcv:0005031	False
1018	FBcv:0005031	FBcv:0005023	False
1019	FBcv:0005030	FBcv:0005023	False
1020	CHEBI:24839	CHEBI:24866	False
1021	CHEBI:24839	FBcv:0000553	False
1022	CHEBI:24839	CHEBI:24835	False
1023	FBcv:0005029	FBcv:0005023	False
1024	FBcv:0005028	FBcv:0005023	False
1025	FBcv:0005027	FBcv:0005023	False
1026	FBcv:0005026	FBcv:0005023	False
1027	FBcv:0005025	FBcv:0005023	False
1028	GO:0000278	GO:0007049	False
1029	FBcv:0005024	FBcv:0005023	False
1030	FBcv:0005022	FBcv:0005001	False
1031	FBcv:0005021	FBcv:0005004	False
1032	FBcv:0005004	FBcv:0005002	False
1033	FBcv:0005020	FBcv:0005015	False
1034	FBcv:0005015	FBcv:0005006	False
1035	FBcv:0005019	FBcv:0005016	False
1036	FBcv:0005016	FBcv:0005015	False
1037	FBcv:0005018	FBcv:0005016	False
1038	FBcv:0005017	FBcv:0005016	False
1039	CHEBI:30879	CHEBI:33822	False
1040	FBcv:0005006	FBcv:0005004	False
1041	FBcv:0005014	FBcv:0005006	False
1042	FBcv:0005013	FBcv:0005006	False
1043	FBcv:0005012	FBcv:0005006	False
1044	FBcv:0005011	FBcv:0005006	False
1045	FBcv:0005010	FBcv:0005006	False
1046	CHEBI:26709	CHEBI:38702	False
1047	CHEBI:26709	CHEBI:48857	False
1048	FBcv:0005009	FBcv:0005006	False
1049	FBcv:0005008	FBcv:0005006	False
1050	FBcv:0005007	FBcv:0005006	False
1051	CHEBI:22315	CHEBI:35352	False
1052	FBcv:0005005	FBcv:0005004	False
1053	FBcv:0005002	FBcv:0005001	False
1054	FBcv:0005003	FBcv:0005002	False
1055	FBcv:0005000	FBcv:0000478	False
1056	FBcv:0000478	FBcv:0000470	False
1057	CHEBI:25829	CHEBI:36683	False
1058	PATO:0000422	PATO:0000056	False
1059	PATO:0000056	PATO:0001995	False
1060	PATO:0001761	PATO:0000279	False
1061	PATO:0000279	PATO:0000274	False
1062	PATO:0001762	PATO:0000279	False
1063	PATO:0001760	PATO:0000277	False
1064	PATO:0000277	PATO:0000274	False
1065	CHEBI:22327	CHEBI:16385	False
1066	CHEBI:16385	CHEBI:26822	False
1067	CHEBI:16385	CHEBI:33261	False
1068	PATO:0001769	PATO:0000140	False
1069	PATO:0000140	PATO:0001018	False
1070	CHEBI:36962	CHEBI:33285	False
1071	CHEBI:36962	CHEBI:33304	False
1072	PATO:0001768	PATO:0000169	False
1073	PATO:0001763	PATO:0000277	False
1074	CHEBI:33241	CHEBI:37577	False
1075	FBbt:00004508	FBbt:00005162	False
1076	FBbt:00004508	FBbt:00007235	False
1077	FBbt:00004508	FBbt:00004113	False
1078	FBbt:00004113	FBbt:00005155	False
1079	FBbt:00007235	FBbt:00007234	False
1080	FBbt:00007235	FBbt:00005168	False
1081	PATO:0001739	PATO:0001018	False
1082	PATO:0001018	PATO:0001241	False
1083	PATO:0000888	PATO:0000277	False
1084	PATO:0000892	PATO:0000277	False
1085	PATO:0000891	PATO:0000279	False
1086	CHEBI:25813	CHEBI:33856	False
1087	CHEBI:25813	CHEBI:36683	False
1088	CHEBI:25816	CHEBI:25985	False
1089	CHEBI:25816	CHEBI:36683	False
1090	CHEBI:25814	CHEBI:25985	False
1091	CHEBI:25814	CHEBI:36683	False
1092	CHEBI:25818	CHEBI:36683	False
1093	FBcv:0002050	FBcv:0002051	False
1094	FBcv:0002051	FBcv:0002019	False
1095	FBcv:0002019	FBcv:0002004	False
1096	CHEBI:35702	CHEBI:25698	False
1097	GO:0050975	GO:0050954	False
1098	GO:0050954	GO:0007600	False
1099	FBcv:0002042	FBcv:0002050	False
1100	FBcv:0002042	FBcv:0000351	False
1101	FBcv:0000351	FBcv:0002019	False
1102	FBcv:0002041	FBcv:0002019	False
1103	FBcv:0002040	FBcv:0002020	False
1104	FBcv:0002020	FBcv:0002019	False
1105	GO:0044260	GO:0044237	False
1106	GO:0044260	GO:0043170	False
1107	FBcv:0002039	FBcv:0002020	False
1108	FBcv:0002036	FBcv:0002038	False
1109	FBcv:0002036	FBcv:0002010	False
1110	FBcv:0002010	FBcv:0002020	False
1111	FBcv:0002038	FBcv:0002020	False
1112	FBcv:0002035	FBcv:0002040	False
1113	FBcv:0002035	FBcv:0002010	False
1114	FBcv:0002037	FBcv:0002041	False
1115	FBcv:0002032	FBcv:0002001	False
1116	FBcv:0002001	FBcv:0002003	False
1117	FBcv:0002031	FBcv:0002026	False
1118	FBcv:0002031	FBcv:0002005	False
1119	FBcv:0002031	FBcv:0002035	False
1120	FBcv:0002005	FBcv:0002000	False
1121	FBcv:0002005	FBcv:0002010	False
1122	FBcv:0002026	FBcv:0002027	False
1123	CHEBI:23705	FBcv:0000558	False
1124	FBcv:0002034	FBcv:0002039	False
1125	FBcv:0002034	FBcv:0002010	False
1126	CHEBI:23704	CHEBI:32955	False
1127	CHEBI:23704	FBcv:0000558	False
1128	FBcv:0002033	FBcv:0002037	False
1129	FBcv:0002033	FBcv:0002032	False
1130	FBcv:0002030	FBcv:0002027	False
1131	FBcv:0002030	FBcv:0002005	False
1132	FBcv:0002030	FBcv:0002034	False
1133	FBcv:0002027	FBcv:0002000	False
1134	FBcv:0002025	FBcv:0002005	False
1135	FBcv:0002025	FBcv:0002036	False
1136	FBcv:0002024	FBcv:0002023	False
1137	FBcv:0002023	FBcv:0002019	False
1138	FBcv:0002000	FBcv:0000351	False
1139	FBcv:0002021	FBcv:0002023	False
1140	GO:0007600	GO:0050877	False
1141	FBcv:0002022	FBcv:0002023	False
1142	FBcv:0002004	FBcv:0001347	False
1143	FBcv:0002014	FBcv:0002024	False
1144	FBcv:0002014	FBcv:0002012	False
1145	FBcv:0002012	FBcv:0002023	False
1146	FBcv:0002013	FBcv:0002022	False
1147	FBcv:0002013	FBcv:0002012	False
1148	FBcv:0002015	FBcv:0002019	False
1149	FBcv:0002011	FBcv:0002012	False
1150	FBcv:0002011	FBcv:0002021	False
1151	CHEBI:27292	CHEBI:13941	False
1152	CHEBI:27292	CHEBI:23003	False
1153	CHEBI:27292	FBcv:0000538	False
1154	FBcv:0002007	FBcv:0002002	False
1155	FBcv:0002007	FBcv:0002012	False
1156	FBcv:0002002	FBcv:0002026	False
1157	FBcv:0002006	FBcv:0002007	False
1158	FBcv:0002006	FBcv:0002011	False
1159	FBcv:0002006	FBcv:0002001	False
1160	FBcv:0002009	FBcv:0002014	False
1161	FBcv:0002009	FBcv:0002007	False
1162	GO:0051234	GO:0051179	False
1163	FBcv:0002008	FBcv:0002013	False
1164	FBcv:0002008	FBcv:0002003	False
1165	FBcv:0002008	FBcv:0002007	False
1166	FBcv:0002003	FBcv:0002002	False
1167	FBcv:0000298	FBcv:0000565	False
1168	FBcv:0000299	FBcv:0000565	False
1169	FBcv:0000293	FBcv:0000696	False
1170	FBcv:0000696	FBcv:0000290	False
1171	FBcv:0000294	FBcv:0000286	False
1172	FBcv:0000286	FBcv:0000807	False
1173	FBcv:0000295	FBcv:0000294	False
1174	FBcv:0000296	FBcv:0000294	False
1175	CHEBI:63299	CHEBI:36963	False
1176	FBcv:0000290	FBcv:0000286	False
1177	FBcv:0000291	FBcv:0000697	False
1178	FBcv:0000697	FBcv:0000290	False
1179	FBcv:0000292	FBcv:0000695	False
1180	FBcv:0000695	FBcv:0000290	False
1181	FBcv:0000807	FBcv:0000013	False
1182	FBcv:0000287	FBcv:0000286	False
1183	FBcv:0000288	FBcv:0000688	False
1184	FBcv:0000688	FBcv:0000287	False
1185	FBcv:0000289	FBcv:0000690	False
1186	FBcv:0000690	FBcv:0000287	False
1187	FBcv:0000282	FBcv:0000807	False
1188	FBcv:0000283	FBcv:0000282	False
1189	FBcv:0000284	FBcv:0000282	False
1190	FBcv:0000285	FBcv:0000282	False
1191	FBcv:0000280	FBcv:0000234	False
1192	FBcv:0000234	FBcv:0000188	False
1193	FBcv:0000281	FBcv:0000234	False
1194	CHEBI:33958	CHEBI:24866	False
1195	CHEBI:33958	CHEBI:37578	False
1196	CHEBI:24866	CHEBI:37577	False
1197	CHEBI:39446	CHEBI:18254	False
1198	CHEBI:39446	CHEBI:26440	False
1199	FBcv:0000279	FBcv:0000234	False
1200	FBcv:0000275	FBcv:0000234	False
1201	FBcv:0000276	FBcv:0000234	False
1202	FBcv:0000277	FBcv:0000234	False
1203	FBcv:0000278	FBcv:0000234	False
1204	FBcv:0000271	FBcv:0000274	False
1205	FBcv:0000274	FBcv:0000234	False
1206	FBcv:0000272	FBcv:0000234	False
1207	FBcv:0000273	FBcv:0000234	False
1208	FBcv:0000270	FBcv:0000234	False
1209	CHEBI:52206	CHEBI:24432	False
1210	CHEBI:24432	CHEBI:50906	True
1211	GO:0060361	GO:0040011	False
1212	FBcv:0000268	FBcv:0000234	False
1213	FBcv:0000269	FBcv:0000234	False
1214	FBcv:0000264	FBcv:0000234	False
1215	FBcv:0000265	FBcv:0000234	False
1216	FBcv:0000266	FBcv:0000234	False
1217	FBcv:0000267	FBcv:0000234	False
1218	FBcv:0000260	FBcv:0000234	False
1219	FBcv:0000261	FBcv:0000234	False
1220	FBcv:0000262	FBcv:0000234	False
1221	FBcv:0000263	FBcv:0000234	False
1222	FBcv:0000257	FBcv:0000234	False
1223	FBcv:0000258	FBcv:0000234	False
1224	FBcv:0000259	FBcv:0000234	False
1225	FBcv:0000253	FBcv:0000234	False
1226	FBcv:0000254	FBcv:0000234	False
1227	FBcv:0000255	FBcv:0000234	False
1228	FBcv:0000256	FBcv:0000234	False
1229	FBcv:0000250	FBcv:0000234	False
1230	FBcv:0000251	FBcv:0000234	False
1231	FBcv:0000252	FBcv:0000234	False
1232	CHEBI:33822	CHEBI:24651	False
1233	CHEBI:33822	CHEBI:50860	False
1234	CHEBI:24840	FBcv:0000553	False
1235	CHEBI:24840	CHEBI:35175	False
1236	CHEBI:24840	CHEBI:24835	False
1237	CHEBI:39206	CHEBI:26979	False
1238	CHEBI:39206	CHEBI:38101	False
1239	CHEBI:26385	CHEBI:22315	False
1240	CHEBI:26385	CHEBI:26401	False
1241	FBcv:0000246	FBcv:0000234	False
1242	FBcv:0000247	FBcv:0000234	False
1243	FBcv:0000248	FBcv:0000234	False
1244	FBcv:0000249	FBcv:0000234	False
1245	FBcv:0000242	FBcv:0000234	False
1246	FBcv:0000243	FBcv:0000234	False
1247	FBcv:0000244	FBcv:0000234	False
1248	FBcv:0000245	FBcv:0000234	False
1249	FBcv:0000240	FBcv:0000234	False
1250	FBcv:0000241	FBcv:0000234	False
1251	CHEBI:61120	CHEBI:33833	False
1252	CHEBI:61120	CHEBI:51143	False
1253	FBcv:0000239	FBcv:0000234	False
1254	FBcv:0000235	FBcv:0000234	False
1255	FBcv:0000236	FBcv:0000234	False
1256	FBcv:0000237	FBcv:0000234	False
1257	FBcv:0000238	FBcv:0000234	False
1258	CHEBI:28534	FBcv:0000541	False
1259	CHEBI:28534	CHEBI:22929	False
1260	CHEBI:29865	CHEBI:35300	False
1261	GO:0006887	GO:0032940	False
1262	GO:0006887	GO:0016192	False
1263	GO:0016192	GO:0006810	False
1264	GO:0032940	GO:0046903	False
1265	GO:0032940	GO:0044763	False
1266	FBcv:0000231	FBcv:0000189	False
1267	FBcv:0000228	FBcv:0000189	False
1268	FBcv:0000229	FBcv:0000189	False
1269	FBcv:0000224	FBcv:0000189	False
1270	GO:0006897	GO:0016192	False
1271	FBcv:0000227	FBcv:0000189	False
1272	FBcv:0000220	FBcv:0000189	False
1273	FBcv:0000222	FBcv:0000189	False
1274	FBcv:0000223	FBcv:0000189	False
1275	GO:0048265	GO:0033555	False
1276	GO:0033555	GO:0044707	False
1277	GO:0033555	GO:0006950	False
1278	FBcv:0000217	FBcv:0000189	False
1279	FBcv:0000219	FBcv:0000189	False
1280	FBcv:0000213	FBcv:0000189	False
1281	FBcv:0000698	FBcv:0001347	False
1282	FBcv:0000214	FBcv:0000233	False
1283	FBcv:0000699	FBcv:0000698	False
1284	FBcv:0000215	FBcv:0000189	False
1285	CHEBI:27666	CHEBI:15369	False
1286	FBcv:0000216	FBcv:0000189	False
1287	FBcv:0000693	FBcv:0000696	False
1288	FBcv:0000694	FBcv:0000695	False
1289	FBcv:0000210	FBcv:0000189	False
1290	FBcv:0000211	FBcv:0000194	False
1291	FBcv:0000212	FBcv:0000189	False
1292	FBcv:0000691	FBcv:0000690	False
1293	FBcv:0000692	FBcv:0000697	False
1294	CHEBI:38313	CHEBI:25693	False
1295	CHEBI:38313	CHEBI:38101	False
1296	BFO:0000027	BFO:0000004	False
1297	CL:0000000	BFO:0000004	False
1298	FBcv:0000207	FBcv:0000189	False
1299	FBcv:0000209	FBcv:0000189	False
1300	FBcv:0000202	FBcv:0000789	False
1301	FBcv:0000789	FBcv:0000189	False
1302	FBcv:0000686	FBcv:0001347	False
1303	FBcv:0000203	FBcv:0000189	False
1304	FBcv:0000204	FBcv:0000189	False
1305	FBcv:0000689	FBcv:0000688	False
1306	FBcv:0000205	FBcv:0000194	False
1307	FBcv:0000682	FBcv:0000681	False
1308	FBcv:0000683	FBcv:0001347	False
1309	FBcv:0000684	FBcv:0000683	False
1310	FBcv:0000684	FBcv:0000408	False
1311	FBcv:0000408	FBcv:0001347	False
1312	GO:0009409	GO:0006950	False
1313	GO:0009409	GO:0009266	False
1314	FBcv:0000809	FBcv:0000005	False
1315	FBcv:0000201	FBcv:0000789	False
1316	FBcv:0000680	FBcv:0000403	False
1317	FBcv:0000403	FBcv:0000387	False
1318	GO:0007637	GO:0007635	False
1319	GO:0007637	GO:0051780	False
1320	GO:0007637	GO:0060004	False
1321	CHEBI:35295	CHEBI:33635	False
1322	CHEBI:35295	CHEBI:33597	False
1323	CHEBI:36141	CHEBI:3992	False
1324	CHEBI:35427	CHEBI:33637	False
1325	CHEBI:35299	CHEBI:35296	False
1326	FBbt:00007234	FBbt:00007230	False
1327	FBbt:00007234	FBbt:00005155	False
1328	FBbt:00007230	FBbt:00100313	False
1329	FBcv:0000316	FBcv:0001347	False
1330	GO:0030431	GO:0044707	False
1331	FBcv:0000319	FBcv:0000654	False
1332	FBcv:0000310	FBcv:0000309	False
1333	FBcv:0000313	FBcv:0000704	False
1334	FBcv:0000704	FBcv:0000309	False
1335	FBcv:0000314	FBcv:0000313	False
1336	FBcv:0000315	FBcv:0000313	False
1337	FBcv:0000792	PATO:0000912	False
1338	FBcv:0000792	FBcv:0000384	False
1339	FBcv:0000384	FBcv:0001347	False
1340	GO:0007568	GO:0044767	False
1341	FBcv:0000793	FBcv:0000176	False
1342	FBcv:0000309	FBcv:0000005	False
1343	CHEBI:25348	CHEBI:26385	False
1344	FBcv:0000311	FBcv:0000310	False
1345	FBcv:0000790	FBcv:0000189	False
1346	FBcv:0000791	PATO:0000911	False
1347	FBcv:0000791	FBcv:0000384	False
1348	FBbt:00007002	FBbt:00007001	False
1349	FBbt:00007016	FBbt:10000000	True
1350	PATO:0000586	PATO:0002305	False
1351	PATO:0000586	PATO:0000117	False
1352	PATO:0000117	PATO:0000051	False
1353	PATO:0001434	PATO:0001995	False
1354	PATO:0001995	PATO:0001241	False
1355	CHEBI:38672	CHEBI:47916	False
1356	FBcv:0000306	FBcv:0000332	False
1357	FBcv:0000332	FBcv:0000005	False
1358	FBcv:0000307	FBcv:0000306	False
1359	FBcv:0000308	FBcv:0000306	False
1360	FBcv:0000785	FBcv:0000784	False
1361	FBcv:0000785	FBcv:0000780	False
1362	FBcv:0000780	FBcv:0000750	False
1363	FBcv:0000780	FBcv:0000778	False
1364	FBcv:0000784	FBcv:0000693	False
1365	FBcv:0000784	FBcv:0000778	False
1366	FBcv:0000301	FBcv:0000299	False
1367	FBcv:0000786	FBcv:0000784	False
1368	FBcv:0000786	FBcv:0000779	False
1369	FBcv:0000779	FBcv:0000778	False
1370	FBcv:0000779	FBcv:0000749	False
1371	FBcv:0000787	FBcv:0000652	False
1372	FBcv:0000788	FBcv:0000189	False
1373	FBcv:0000781	FBcv:0000778	False
1374	FBcv:0000781	FBcv:0000293	False
1375	FBcv:0000778	FBcv:0000696	False
1376	FBcv:0000778	FBcv:0000748	False
1377	FBcv:0000782	FBcv:0000781	False
1378	FBcv:0000782	FBcv:0000780	False
1379	CHEBI:33709	CHEBI:50047	False
1380	CHEBI:33709	CHEBI:33575	False
1381	FBcv:0000783	FBcv:0000781	False
1382	FBcv:0000783	FBcv:0000779	False
1383	FBcv:0000300	FBcv:0000299	False
1384	FBcv:0000750	FBcv:0000748	False
1385	PATO:0000051	PATO:0001241	False
1386	PATO:0000047	PATO:0001995	False
1387	FBcv:0000748	FBcv:0000290	False
1388	CHEBI:28830	CHEBI:37598	False
1389	CHEBI:28830	FBcv:0000813	False
1390	CHEBI:28830	CHEBI:36683	False
1391	FBcv:0000749	FBcv:0000748	False
1392	FBcv:0000774	FBcv:0000772	False
1393	FBcv:0000774	FBcv:0000770	False
1394	FBcv:0000770	FBcv:0000769	False
1395	FBcv:0000770	FBcv:0000749	False
1396	FBcv:0000772	FBcv:0000769	False
1397	FBcv:0000772	FBcv:0000291	False
1398	FBcv:0000775	FBcv:0000769	False
1399	FBcv:0000775	FBcv:0000692	False
1400	FBcv:0000769	FBcv:0000697	False
1401	FBcv:0000769	FBcv:0000748	False
1402	FBcv:0000776	FBcv:0000771	False
1403	FBcv:0000776	FBcv:0000775	False
1404	FBcv:0000771	FBcv:0000750	False
1405	FBcv:0000771	FBcv:0000769	False
1406	FBcv:0000777	FBcv:0000770	False
1407	FBcv:0000777	FBcv:0000775	False
1408	CHEBI:27504	FBcv:0000541	False
1409	CHEBI:27504	CHEBI:25357	False
1410	FBcv:0000773	FBcv:0000772	False
1411	FBcv:0000773	FBcv:0000771	False
1412	BFO:0000004	BFO:0000002	True
1413	FBcv:0000767	FBcv:0000762	False
1414	FBcv:0000767	FBcv:0000766	False
1415	FBcv:0000766	FBcv:0000760	False
1416	FBcv:0000766	FBcv:0000694	False
1417	FBcv:0000762	FBcv:0000750	False
1418	FBcv:0000762	FBcv:0000760	False
1419	FBcv:0000768	FBcv:0000761	False
1420	FBcv:0000768	FBcv:0000766	False
1421	FBcv:0000761	FBcv:0000760	False
1422	FBcv:0000761	FBcv:0000749	False
1423	FBcv:0000763	FBcv:0000760	False
1424	FBcv:0000763	FBcv:0000292	False
1425	FBcv:0000760	FBcv:0000695	False
1426	FBcv:0000760	FBcv:0000748	False
1427	FBcv:0000764	FBcv:0000762	False
1428	FBcv:0000764	FBcv:0000763	False
1429	FBcv:0000765	FBcv:0000761	False
1430	FBcv:0000765	FBcv:0000763	False
1431	PATO:0002323	PATO:0002062	False
1432	FBcv:0000756	FBcv:0000754	False
1433	FBcv:0000756	FBcv:0000752	False
1434	FBcv:0000752	FBcv:0000751	False
1435	FBcv:0000752	FBcv:0000746	False
1436	FBcv:0000754	FBcv:0000751	False
1437	FBcv:0000754	FBcv:0000289	False
1438	FBcv:0000757	FBcv:0000751	False
1439	FBcv:0000757	FBcv:0000691	False
1440	FBcv:0000751	FBcv:0000745	False
1441	FBcv:0000751	FBcv:0000690	False
1442	FBcv:0000758	FBcv:0000753	False
1443	FBcv:0000758	FBcv:0000757	False
1444	FBcv:0000753	FBcv:0000751	False
1445	FBcv:0000753	FBcv:0000747	False
1446	FBcv:0000759	FBcv:0000752	False
1447	FBcv:0000759	FBcv:0000757	False
1448	FBcv:0000746	FBcv:0000745	False
1449	FBcv:0000755	FBcv:0000754	False
1450	FBcv:0000755	FBcv:0000753	False
1451	FBcv:0000745	FBcv:0000287	False
1452	CHEBI:23115	CHEBI:36683	False
1453	CHEBI:23115	CHEBI:24472	False
1454	FBcv:0000741	FBcv:0000737	False
1455	FBcv:0000741	FBcv:0000736	False
1456	FBcv:0000736	FBcv:0000746	False
1457	FBcv:0000736	FBcv:0000739	False
1458	FBcv:0000737	FBcv:0000288	False
1459	FBcv:0000737	FBcv:0000739	False
1460	FBcv:0000742	FBcv:0001003	False
1461	FBcv:0000742	FBcv:0000744	False
1462	FBcv:0000744	FBcv:0000689	False
1463	FBcv:0000744	FBcv:0000739	False
1464	FBcv:0000743	FBcv:0000744	False
1465	FBcv:0000743	FBcv:0000736	False
1466	GO:0009408	GO:0006950	False
1467	GO:0009408	GO:0009266	False
1468	FBcv:0000740	FBcv:0001003	False
1469	FBcv:0000740	FBcv:0000737	False
1470	PATO:0002300	PATO:0000069	False
1471	FBcv:0000738	FBcv:0000652	False
1472	PATO:0002301	PATO:0000069	False
1473	FBcv:0000734	FBcv:0000698	False
1474	FBcv:0000735	CHEBI:35803	False
1475	FBcv:0000730	FBcv:0000308	False
1476	FBcv:0000731	FBcv:0000308	False
1477	FBcv:0000732	FBcv:0000307	False
1478	GO:0009314	GO:0009628	False
1479	FBcv:0000733	FBcv:0000307	False
1480	PATO:0001457	PATO:0002062	False
1481	CHEBI:16842	CHEBI:17478	False
1482	CHEBI:16842	CHEBI:64708	False
1483	FBcv:0000727	FBcv:0000334	False
1484	FBcv:0000334	FBcv:0000332	False
1485	FBcv:0000728	FBcv:0000333	False
1486	FBcv:0000333	FBcv:0000332	False
1487	FBcv:0000729	FBcv:0000333	False
1488	FBcv:0000723	FBcv:0000357	False
1489	FBcv:0000723	PATO:0002011	False
1490	FBcv:0000723	FBcv:0000362	False
1491	FBcv:0000362	FBcv:0000709	False
1492	FBcv:0000362	PATO:0002002	False
1493	FBcv:0000724	FBcv:0000359	False
1494	FBcv:0000724	PATO:0000645	False
1495	FBcv:0000724	FBcv:0000357	False
1496	PATO:0000645	PATO:0002290	False
1497	FBcv:0000359	FBcv:0000709	False
1498	FBcv:0000359	PATO:0002001	False
1499	FBcv:0000725	FBcv:0000408	False
1500	FBcv:0000726	FBcv:0000334	False
1501	FBcv:0000720	FBcv:0000414	False
1502	FBcv:0000720	FBcv:0000415	False
1503	FBcv:0000415	FBcv:0001347	False
1504	FBcv:0000414	FBcv:0000387	False
1505	GO:0007630	GO:0008344	False
1506	CHEBI:23114	CHEBI:23117	False
1507	CHEBI:23114	CHEBI:33958	False
1508	FBcv:0000721	FBcv:0000387	False
1509	FBcv:0000721	FBcv:0000400	False
1510	FBcv:0000400	FBcv:0001347	False
1511	FBcv:0000722	FBcv:0000336	False
1512	FBcv:0000336	FBcv:0000812	False
1513	GO:0019222	GO:0050789	False
1514	GO:0050789	GO:0065007	False
1515	CHEBI:15986	CHEBI:33695	False
1516	CHEBI:15986	CHEBI:61120	False
1517	CHEBI:33695	CHEBI:33694	False
1518	FBcv:0000716	FBcv:0001347	False
1519	GO:0016477	GO:0048870	False
1520	FBcv:0000717	PATO:0000912	False
1521	FBcv:0000717	FBcv:0000427	False
1522	FBcv:0000427	FBcv:0001347	False
1523	GO:0016049	GO:0044763	False
1524	GO:0016049	GO:0040007	False
1525	CHEBI:34699	CHEBI:29281	False
1526	CHEBI:34699	FBcv:0000526	False
1527	FBcv:0000718	PATO:0000911	False
1528	FBcv:0000718	FBcv:0000427	False
1529	FBcv:0000719	PATO:0001623	False
1530	FBcv:0000719	FBcv:0000357	False
1531	FBcv:0000712	FBcv:0000710	False
1532	FBcv:0000710	FBcv:0000470	False
1533	FBcv:0000713	FBcv:0000415	False
1534	FBcv:0000714	FBcv:0000309	False
1535	FBcv:0000715	FBcv:0000714	False
1536	FBcv:0000470	FBcv:0000452	False
1537	CHEBI:25741	CHEBI:37577	False
1538	CHEBI:25741	CHEBI:25806	False
1539	FBcv:0000711	FBcv:0000710	False
1540	GO:0022402	GO:0009987	False
1541	GO:0022402	BFO:0000003	True
1542	GO:0022402	GO:0007049	False
1543	CHEBI:33402	CHEBI:26835	False
1544	CHEBI:33402	CHEBI:33484	False
1545	FBcv:0000709	FBcv:0001347	False
1546	FBcv:0000709	PATO:0002083	False
1547	FBcv:0000705	FBcv:0001347	False
1548	FBcv:0000706	FBcv:0001347	False
1549	FBcv:0000707	FBcv:0000706	False
1550	FBcv:0000708	FBcv:0000408	False
1551	FBcv:0000701	FBcv:0000699	False
1552	FBcv:0000702	FBcv:0000698	False
1553	FBcv:0000703	FBcv:0000698	False
1554	GO:0000003	GO:0008150	True
1555	FBcv:0000700	FBcv:0000699	False
1556	FBcv:0006006	FBcv:0001347	False
1557	FBcv:0006006	PATO:0002052	False
1558	GO:0051301	GO:0044763	False
1559	FBcv:0006005	PATO:0002051	False
1560	FBcv:0006005	FBcv:0001347	False
1561	FBcv:0006004	FBcv:0000387	False
1562	FBcv:0006002	FBcv:0001347	False
1563	FBcv:0006002	PATO:0001696	False
1564	FBcv:0006001	PATO:0001695	False
1565	FBcv:0006001	FBcv:0001347	False
1566	PATO:0001695	PATO:0000273	False
1567	FBcv:0006000	FBcv:0000400	False
1568	GO:0007620	GO:0007618	False
1569	CHEBI:35552	CHEBI:33245	False
1570	GO:0009453	GO:0042330	False
1571	CHEBI:24870	CHEBI:23367	False
1572	GO:0051716	GO:0009987	False
1573	GO:0051716	GO:0050896	False
1574	CHEBI:24400	CHEBI:63161	False
1575	CHEBI:63161	CHEBI:36963	False
1576	CHEBI:67107	CHEBI:25223	False
1577	CHEBI:27919	CHEBI:26588	False
1578	GO:0010467	GO:0043170	False
1579	CHEBI:25704	CHEBI:33261	False
1580	CHEBI:25704	CHEBI:26820	False
1581	CHEBI:24859	FBcv:0000553	False
1582	CHEBI:24859	CHEBI:24473	False
1583	CHEBI:24859	CHEBI:24835	False
1584	GO:0060255	GO:0019222	False
1585	CHEBI:33302	CHEBI:33675	False
1586	GO:0071840	GO:0008150	True
1587	CHEBI:33308	CHEBI:35701	False
1588	CHEBI:33308	CHEBI:36586	False
1589	GO:0050909	GO:0007606	False
1590	GO:0007606	GO:0007600	False
1591	CHEBI:19032	CHEBI:23128	False
1592	CHEBI:19032	FBcv:0000541	False
1593	CHEBI:19032	CHEBI:22929	False
1594	CHEBI:23994	CHEBI:25223	False
1595	CHEBI:23994	FBcv:0000526	False
1596	CHEBI:35175	CHEBI:26820	False
1597	CHEBI:23995	CHEBI:35800	False
1598	CHEBI:23995	FBcv:0000526	False
1599	CHEBI:23995	CHEBI:47857	False
1600	GO:0048609	GO:0022414	False
1601	GO:0048609	GO:0032504	False
1602	GO:0032504	GO:0032501	False
1603	GO:0032504	GO:0000003	False
1604	GO:0042060	GO:0009611	False
1605	CHEBI:19024	CHEBI:36336	False
1606	CHEBI:19024	CHEBI:38034	False
1607	PATO:0001862	PATO:0000274	False
1608	PATO:0000274	PATO:0001434	False
1609	FBcv:0003029	FBcv:0003028	False
1610	FBcv:0003028	FBcv:0003021	False
1611	FBcv:0003027	FBcv:0003022	False
1612	FBcv:0003022	FBcv:0003021	False
1613	FBcv:0003021	FBcv:0000013	False
1614	FBcv:0003025	FBcv:0003022	False
1615	FBcv:0003026	FBcv:0003022	False
1616	FBcv:0003023	FBcv:0003022	False
1617	GO:0048511	GO:0008150	True
1618	FBcv:0003024	FBcv:0003022	False
1619	GO:0007623	GO:0048511	False
1620	GO:0007622	GO:0007610	False
1621	GO:0007622	GO:0048511	False
1622	CHEBI:19579	CHEBI:25223	False
1623	CHEBI:19579	FBcv:0000526	False
1624	CHEBI:19579	CHEBI:37143	False
1625	FBcv:0003020	FBcv:0000483	False
1626	FBcv:0003018	FBcv:0003014	False
1627	FBcv:0003014	FBcv:0003012	False
1628	FBcv:0003019	FBcv:0000483	False
1629	FBcv:0003016	FBcv:0003014	False
1630	FBcv:0003017	FBcv:0003014	False
1631	FBcv:0003012	FBcv:0003011	False
1632	FBcv:0003015	FBcv:0003014	False
1633	FBcv:0003011	FBcv:0000013	False
1634	FBcv:0003013	FBcv:0003012	False
1635	CHEBI:20553	CHEBI:67142	False
1636	CHEBI:20553	FBcv:0000548	False
1637	CHEBI:20553	CHEBI:27242	False
1638	FBcv:0003010	FBcv:0000478	False
1639	GO:0045475	GO:0007626	False
1640	GO:0045475	GO:0048512	False
1641	CHEBI:20552	CHEBI:67142	False
1642	CHEBI:20552	CHEBI:39447	False
1643	CHEBI:20552	FBcv:0000548	False
1644	PATO:0000161	PATO:0002062	False
1645	CHEBI:33862	CHEBI:33749	False
1646	CHEBI:33862	CHEBI:33861	False
1647	CHEBI:33861	CHEBI:33240	False
1648	CHEBI:33861	CHEBI:33497	False
1649	CHEBI:33749	CHEBI:33747	False
1650	CHEBI:33240	CHEBI:37577	False
1651	FBcv:0003009	FBcv:0003007	False
1652	FBcv:0003008	FBcv:0003007	False
1653	FBcv:0003005	FBcv:0003000	False
1654	FBcv:0003000	FBcv:0000005	False
1655	FBcv:0003006	FBcv:0003000	False
1656	FBcv:0003003	FBcv:0003000	False
1657	FBcv:0003004	FBcv:0003000	False
1658	FBcv:0003001	FBcv:0003000	False
1659	FBcv:0003002	FBcv:0003000	False
1660	CHEBI:24921	CHEBI:22315	False
1661	CHEBI:18254	CHEBI:33838	False
1662	CHEBI:18254	CHEBI:47019	False
1663	CHEBI:47019	CHEBI:47017	False
1664	CHEBI:33666	CHEBI:33663	False
1665	CHEBI:33666	CHEBI:35294	False
1666	CHEBI:27171	CHEBI:33672	False
1667	CHEBI:27171	CHEBI:38166	False
1668	CHEBI:38166	CHEBI:24532	False
1669	CHEBI:38166	CHEBI:33671	False
1670	CHEBI:33672	CHEBI:33636	False
1671	CHEBI:33672	CHEBI:5686	False
1672	GO:0050890	GO:0050877	False
1673	GO:0050877	GO:0003008	False
1674	PATO:0000955	PATO:0000274	False
1675	PATO:0000956	PATO:0000274	False
1676	CHEBI:33839	CHEBI:36357	False
1677	CHEBI:26912	CHEBI:38104	False
1678	CHEBI:26912	CHEBI:25693	False
1679	CHEBI:21731	CHEBI:63161	False
1680	CHEBI:21731	CHEBI:35352	False
1681	CHEBI:21731	CHEBI:63299	False
1682	CHEBI:32988	CHEBI:51143	False
1683	GO:0050879	GO:0044707	False
1684	PATO:0000068	PATO:0000001	False
1685	FBcv:0000396	FBcv:0000679	False
1686	FBcv:0000396	FBcv:0000670	False
1687	GO:0008062	BFO:0000003	True
1688	GO:0008062	GO:0048512	False
1689	GO:0008062	GO:0007562	False
1690	FBcv:0000397	FBcv:0000387	False
1691	GO:0007612	GO:0007611	False
1692	FBcv:0000398	FBcv:0000387	False
1693	GO:0007613	GO:0007611	False
1694	FBcv:0000399	FBcv:0000721	False
1695	FBcv:0000392	FBcv:0001347	False
1696	FBcv:0000392	PATO:0000380	False
1697	FBcv:0000393	FBcv:0000408	False
1698	FBcv:0000395	FBcv:0000414	False
1699	FBcv:0000395	FBcv:0000679	False
1700	FBcv:0000390	FBcv:0001347	False
1701	FBcv:0000390	PATO:0000381	False
1702	FBcv:0000391	FBcv:0000389	False
1703	FBcv:0000389	PATO:0001558	False
1704	FBcv:0000389	FBcv:0001347	False
1705	PATO:0001558	PATO:0001564	False
1706	GO:0051780	GO:0007610	False
1707	GO:0051780	BFO:0000003	True
1708	GO:0051780	GO:0007584	False
1709	GO:0007584	GO:0031667	False
1710	GO:0007584	GO:0042221	False
1711	FBcv:0000385	FBcv:0002004	False
1712	FBcv:0000386	FBcv:0001347	False
1713	FBcv:0000388	FBcv:0001347	False
1714	GO:0048060	GO:0042332	False
1715	FBcv:0000381	FBcv:0000008	False
1716	FBcv:0000008	FBcv:0001347	False
1717	FBcv:0000382	FBcv:0001347	False
1718	FBcv:0000383	PATO:0000422	False
1719	FBcv:0000383	FBcv:0001347	False
1720	FBcv:0000380	FBcv:0001347	False
1721	BFO:0000035	BFO:0000003	True
1722	GO:0071704	GO:0008152	False
1723	GO:0016545	GO:0048065	False
1724	GO:0048065	GO:0008049	False
1725	FBcv:0000378	PATO:0001862	False
1726	FBcv:0000378	FBcv:0001347	False
1727	FBcv:0000379	FBcv:0000008	False
1728	FBcv:0000374	FBcv:0000347	False
1729	FBcv:0000374	PATO:0000955	False
1730	FBcv:0000347	FBcv:0000807	False
1731	FBcv:0000347	PATO:0000001	False
1732	FBcv:0000375	FBcv:0000374	False
1733	FBcv:0000375	FBcv:0001347	False
1734	FBcv:0000376	FBcv:0000374	False
1735	FBcv:0000376	PATO:0000891	False
1736	FBcv:0000377	FBcv:0000374	False
1737	FBcv:0000377	PATO:0000888	False
1738	FBcv:0000370	FBcv:0000364	False
1739	FBcv:0000364	PATO:0000956	False
1740	FBcv:0000364	FBcv:0001347	False
1741	FBcv:0000371	FBcv:0000365	False
1742	FBcv:0000371	PATO:0001762	False
1743	FBcv:0000365	FBcv:0001347	False
1744	FBcv:0000372	FBcv:0000370	False
1745	FBcv:0000373	FBcv:0000370	False
1746	PATO:0000052	PATO:0000051	False
1747	FBcv:0000367	PATO:0001763	False
1748	FBcv:0000367	FBcv:0000365	False
1749	FBcv:0000368	FBcv:0000366	False
1750	FBcv:0000366	FBcv:0000364	False
1751	FBcv:0000366	PATO:0000892	False
1752	FBcv:0000369	FBcv:0000366	False
1753	FBcv:0000363	PATO:0000586	False
1754	FBcv:0000363	FBcv:0000428	False
1755	FBcv:0000428	PATO:0000117	False
1756	FBcv:0000428	FBcv:0001347	False
1757	GO:0007605	GO:0050954	False
1758	FBcv:0000360	PATO:0000587	False
1759	FBcv:0000360	FBcv:0000428	False
1760	GO:0007608	GO:0007606	False
1761	FBcv:0000361	PATO:0000586	False
1762	FBcv:0000361	FBcv:0000665	False
1763	CHEBI:19508	CHEBI:25223	False
1764	CHEBI:19508	CHEBI:36683	False
1765	CHEBI:19508	FBcv:0000526	False
1766	CHEBI:27561	CHEBI:24431	False
1767	CHEBI:27561	FBcv:0000525	False
1768	FBcv:0000356	FBcv:0000354	False
1769	FBcv:0000356	PATO:0000014	False
1770	GO:0007611	GO:0044707	False
1771	GO:0007611	GO:0050890	False
1772	GO:0007611	GO:0044708	False
1773	FBcv:0000358	PATO:0000587	False
1774	FBcv:0000358	FBcv:0000665	False
1775	FBcv:0000352	FBcv:0002015	False
1776	FBcv:0000353	FBcv:0001347	False
1777	FBcv:0000353	PATO:0000718	False
1778	GO:0007618	GO:0044703	False
1779	GO:0007618	GO:0019953	False
1780	GO:0019953	GO:0044703	False
1781	GO:0019953	GO:0000003	False
1782	FBcv:0000355	FBcv:0000354	False
1783	FBcv:0000355	PATO:0000014	False
1784	GO:0007617	GO:0019098	False
1785	GO:0007617	GO:0007618	False
1786	GO:0007619	GO:0007617	False
1787	FBcv:0000350	FBcv:0002015	False
1788	FBcv:0000350	FBcv:0000349	False
1789	FBcv:0000349	FBcv:0000347	False
1790	FBcv:0000349	PATO:0000719	False
1791	FBcv:0000345	FBcv:0000811	False
1792	FBcv:0000811	FBcv:0000809	False
1793	FBcv:0000346	FBcv:0000811	False
1794	GO:0007625	GO:0044708	False
1795	PATO:0002290	PATO:0000587	False
1796	FBcv:0000348	FBcv:0000347	False
1797	FBcv:0000342	FBcv:0000811	False
1798	FBcv:0000343	FBcv:0000811	False
1799	FBcv:0000344	FBcv:0000811	False
1800	FBcv:0000340	FBcv:0000811	False
1801	CHEBI:72544	CHEBI:50860	False
1802	CHEBI:72544	CHEBI:25806	False
1803	GO:0007632	GO:0044707	False
1804	GO:0007632	GO:0009416	False
1805	GO:0007632	GO:0044708	False
1806	GO:0007631	GO:0007610	False
1807	GO:0007634	GO:0007632	False
1808	FBcv:0000335	FBcv:0000812	False
1809	FBcv:0000812	FBcv:0000809	False
1810	CHEBI:28876	CHEBI:25985	False
1811	CHEBI:28876	CHEBI:37598	False
1812	CHEBI:28876	FBcv:0000813	False
1813	CHEBI:28876	CHEBI:36683	False
1814	GO:0007635	BFO:0000003	True
1815	GO:0007635	GO:0044708	False
1816	GO:0007635	GO:0042221	False
1817	CHEBI:47916	CHEBI:26004	False
1818	CHEBI:47916	CHEBI:38443	False
1819	CHEBI:47916	CHEBI:72544	False
1820	FBcv:0000323	FBcv:0000654	False
1821	FBcv:0000324	FBcv:0000686	False
1822	FBcv:0000325	FBcv:0001347	False
1823	GO:0051321	GO:0044702	False
1824	GO:0051321	GO:0007049	False
1825	FBcv:0000320	FBcv:0000654	False
1826	PATO:0001552	PATO:0002302	False
1827	PATO:0001552	PATO:0001457	False
1828	PATO:0001551	PATO:0001457	False
1829	PATO:0001551	PATO:0002304	False
1830	FBcv:0000438	FBcv:0001347	False
1831	GO:0007530	GO:0003006	False
1832	FBcv:0000439	FBcv:0001347	False
1833	FBcv:0000439	PATO:0001552	False
1834	FBcv:0000433	FBcv:0000671	False
1835	GO:0000910	GO:0022402	False
1836	GO:0000910	GO:0051301	False
1837	FBcv:0000434	FBcv:0001347	False
1838	FBcv:0000435	FBcv:0001347	False
1839	FBcv:0000436	FBcv:0001347	False
1840	FBcv:0000430	FBcv:0001347	False
1841	FBcv:0000430	PATO:0001769	False
1842	FBcv:0000431	FBcv:0000671	False
1843	PATO:0001564	PATO:0001236	False
1844	CHEBI:36358	CHEBI:36357	False
1845	CHEBI:36358	CHEBI:24870	False
1846	FBcv:0000426	FBcv:0000424	False
1847	FBcv:0000424	FBcv:0001347	False
1848	CHEBI:28741	FBcv:0000553	False
1849	CHEBI:28741	CHEBI:24835	False
1850	CHEBI:28741	CHEBI:24060	False
1851	FBcv:0000429	FBcv:0001347	False
1852	FBcv:0000429	PATO:0000052	False
1853	CHEBI:27899	CHEBI:51214	False
1854	FBcv:0000422	FBcv:0000387	False
1855	FBcv:0000423	FBcv:0000408	False
1856	GO:0006281	GO:0006259	False
1857	GO:0006281	GO:0006974	False
1858	CHEBI:25234	CHEBI:24431	False
1859	CHEBI:25234	FBcv:0000525	False
1860	FBcv:0000425	FBcv:0000424	False
1861	GO:0007549	GO:0040029	False
1862	FBcv:0000420	FBcv:0000387	False
1863	FBcv:0000421	FBcv:0000387	False
1864	CHEBI:47017	CHEBI:26912	False
1865	GO:0008049	GO:0060179	False
1866	GO:0008049	GO:0007619	False
1867	FBcv:0000419	FBcv:0000387	False
1868	FBcv:0000416	FBcv:0000414	False
1869	FBcv:0000416	PATO:0000770	False
1870	FBcv:0000417	FBcv:0001347	False
1871	FBcv:0000418	FBcv:0000417	False
1872	FBcv:0000411	FBcv:0000387	False
1873	FBcv:0000412	FBcv:0000411	False
1874	FBcv:0000413	FBcv:0001347	False
1875	GO:0042331	GO:0009416	False
1876	GO:0042331	GO:0009453	False
1877	FBcv:0000410	FBcv:0000683	False
1878	FBcv:0000410	FBcv:0000408	False
1879	CHEBI:38518	CHEBI:38166	False
1880	CHEBI:38518	CHEBI:38101	False
1881	FBcv:0000409	FBcv:0000408	False
1882	GO:0071684	GO:0044707	False
1883	FBcv:0000404	FBcv:0000681	False
1884	FBcv:0000405	FBcv:0000681	False
1885	FBcv:0000406	FBcv:0000680	False
1886	CHEBI:33670	CHEBI:5686	False
1887	CHEBI:33670	CHEBI:33661	False
1888	FBcv:0000407	FBcv:0000681	False
1889	CHEBI:25699	CHEBI:24870	False
1890	CHEBI:25699	CHEBI:50860	False
1891	FBcv:0000401	FBcv:0000721	False
1892	FBcv:0000401	FBcv:0000679	False
1893	GO:0035648	GO:0007617	False
1894	GO:0035648	GO:0048512	False
1895	CHEBI:22563	CHEBI:24870	False
1896	FBcv:0000402	FBcv:0000399	False
1897	GO:0045433	GO:0008049	False
1898	GO:0045433	GO:0016545	False
1899	CHEBI:26548	CHEBI:24400	False
1900	GO:0016043	GO:0009987	False
1901	GO:0016043	GO:0071840	False
1902	CHEBI:51958	CHEBI:33635	False
1903	CHEBI:51958	CHEBI:33832	False
1904	GO:0042332	GO:0009629	False
1905	GO:0042332	GO:0042330	False
1906	GO:0006259	GO:0044260	False
1907	GO:0006259	GO:0090304	False
1908	CHEBI:33273	CHEBI:36358	False
1909	CHEBI:33273	CHEBI:22563	False
1910	FBcv:0003098	FBcv:0003082	False
1911	FBcv:0003082	FBcv:0003028	False
1912	FBcv:0003099	FBcv:0003082	False
1913	FBcv:0003096	FBcv:0003082	False
1914	FBcv:0003097	FBcv:0003082	False
1915	FBcv:0003094	FBcv:0003082	False
1916	FBcv:0003095	FBcv:0003082	False
1917	FBcv:0003092	FBcv:0003082	False
1918	FBcv:0003093	FBcv:0003082	False
1919	FBcv:0003090	FBcv:0003082	False
1920	FBcv:0003091	FBcv:0003082	False
1921	FBcv:0000815	CHEBI:37598	False
1922	FBcv:0000815	FBcv:0000813	False
1923	FBcv:0000815	CHEBI:36683	False
1924	GO:0010324	GO:0061024	False
1925	GO:0061024	GO:0016043	False
1926	FBcv:0000814	CHEBI:25223	False
1927	FBcv:0003089	FBcv:0003082	False
1928	FBcv:0003087	FBcv:0003082	False
1929	FBcv:0003088	FBcv:0003082	False
1930	FBcv:0003085	FBcv:0003082	False
1931	FBcv:0003086	FBcv:0003082	False
1932	FBcv:0003083	FBcv:0003082	False
1933	FBcv:0003084	FBcv:0003082	False
1934	FBcv:0003081	FBcv:0003050	False
1935	FBcv:0003050	FBcv:0003028	False
1936	FBcv:0003080	FBcv:0003050	False
1937	GO:0065007	GO:0008150	True
1938	FBcv:0003078	FBcv:0003050	False
1939	FBcv:0003079	FBcv:0003050	False
1940	FBcv:0003076	FBcv:0003050	False
1941	FBcv:0003077	FBcv:0003050	False
1942	FBcv:0003074	FBcv:0003050	False
1943	FBcv:0003075	FBcv:0003050	False
1944	FBcv:0003072	FBcv:0003050	False
1945	FBcv:0003073	FBcv:0003050	False
1946	FBcv:0003070	FBcv:0003050	False
1947	FBcv:0003071	FBcv:0003050	False
1948	FBcv:0003069	FBcv:0003050	False
1949	FBcv:0003067	FBcv:0003050	False
1950	FBcv:0003068	FBcv:0003050	False
1951	FBcv:0003065	FBcv:0003050	False
1952	FBcv:0003066	FBcv:0003050	False
1953	FBcv:0003063	FBcv:0003050	False
1954	FBcv:0003064	FBcv:0003050	False
1955	FBcv:0003061	FBcv:0003050	False
1956	FBcv:0003062	FBcv:0003050	False
1957	FBcv:0003060	FBcv:0003050	False
1958	CHEBI:33694	CHEBI:33839	False
1959	CHEBI:33694	CHEBI:50860	False
1960	FBcv:0003058	FBcv:0003050	False
1961	FBcv:0003059	FBcv:0003050	False
1962	CHEBI:23414	CHEBI:51336	False
1963	FBcv:0003056	FBcv:0003050	False
1964	FBcv:0003057	FBcv:0003050	False
1965	FBcv:0003054	FBcv:0003050	False
1966	FBcv:0003055	FBcv:0003050	False
1967	FBcv:0003052	FBcv:0003050	False
1968	FBcv:0003053	FBcv:0003050	False
1969	CHEBI:19363	CHEBI:36820	False
1970	CHEBI:19363	CHEBI:22729	False
1971	FBcv:0003051	FBcv:0003050	False
1972	CHEBI:33661	CHEBI:33595	False
1973	GO:0060179	GO:0007617	False
1974	FBcv:0003049	FBcv:0003044	False
1975	FBcv:0003044	FBcv:0003028	False
1976	FBcv:0003047	FBcv:0003044	False
1977	FBcv:0003048	FBcv:0003044	False
1978	FBcv:0003045	FBcv:0003044	False
1979	FBcv:0003046	FBcv:0003044	False
1980	FBcv:0003043	FBcv:0003029	False
1981	FBcv:0003041	FBcv:0003029	False
1982	FBcv:0003042	FBcv:0003029	False
1983	FBcv:0003040	FBcv:0003029	False
1984	PATO:0000644	PATO:0000586	False
1985	CHEBI:33676	CHEBI:33497	False
1986	FBcv:0003038	FBcv:0003029	False
1987	FBcv:0003039	FBcv:0003050	False
1988	FBcv:0003036	FBcv:0003029	False
1989	FBcv:0003037	FBcv:0003029	False
1990	FBcv:0003034	FBcv:0003029	False
1991	FBcv:0003035	FBcv:0003029	False
1992	FBcv:0003032	FBcv:0003029	False
1993	FBcv:0003033	FBcv:0003029	False
1994	FBcv:0003030	FBcv:0003029	False
1995	FBcv:0003031	FBcv:0003029	False
1996	FBcv:0003148	FBcv:0003146	False
1997	FBcv:0003149	FBcv:0003146	False
1998	FBcv:0003147	FBcv:0003146	False
1999	FBcv:0003144	FBcv:0003138	False
2000	FBcv:0003138	FBcv:0003137	False
2001	FBcv:0003145	FBcv:0003146	False
2002	FBcv:0003142	FBcv:0003138	False
2003	FBcv:0003143	FBcv:0003138	False
2004	FBcv:0003140	FBcv:0003138	False
2005	FBcv:0003141	FBcv:0003138	False
2006	CHEBI:27090	CHEBI:25435	False
2007	CHEBI:27090	CHEBI:24431	False
2008	CHEBI:27090	FBcv:0000525	False
2009	GO:0048870	GO:0040011	False
2010	GO:0048870	BFO:0000003	True
2011	GO:0048870	GO:0006928	False
2012	GO:0048870	GO:0051674	False
2013	GO:0051674	GO:0051179	False
2014	FBcv:0003139	FBcv:0003138	False
2015	FBcv:0003135	FBcv:0003123	False
2016	FBcv:0003123	FBcv:0003122	False
2017	FBcv:0003136	FBcv:0003123	False
2018	FBcv:0003133	FBcv:0003123	False
2019	FBcv:0003134	FBcv:0003123	False
2020	FBcv:0003131	FBcv:0003123	False
2021	FBcv:0003132	FBcv:0003123	False
2022	FBcv:0003130	FBcv:0003123	False
2023	FBcv:0003128	FBcv:0003123	False
2024	FBcv:0003129	FBcv:0003123	False
2025	FBcv:0003126	FBcv:0003123	False
2026	FBcv:0000099	FBcv:0000074	False
2027	FBcv:0003127	FBcv:0003123	False
2028	FBcv:0003124	FBcv:0003123	False
2029	FBcv:0003125	FBcv:0003123	False
2030	FBcv:0003122	FBcv:0003121	False
2031	FBcv:0000095	FBcv:0000074	False
2032	FBcv:0000096	FBcv:0000074	False
2033	FBcv:0003120	FBcv:0003109	False
2034	FBcv:0003109	FBcv:0003028	False
2035	FBcv:0000097	FBcv:0000074	False
2036	FBcv:0000098	FBcv:0000074	False
2037	FBcv:0000091	FBcv:0000074	False
2038	FBcv:0000092	FBcv:0000074	False
2039	FBcv:0000093	FBcv:0000074	False
2040	FBcv:0000094	FBcv:0000074	False
2041	CHEBI:33747	CHEBI:33676	False
2042	FBcv:0000090	FBcv:0000074	False
2043	FBcv:0003119	FBcv:0003109	False
2044	FBcv:0003117	FBcv:0003109	False
2045	FBcv:0003118	FBcv:0003109	False
2046	FBcv:0003115	FBcv:0003109	False
2047	FBcv:0000088	FBcv:0000074	False
2048	FBcv:0003116	FBcv:0003109	False
2049	FBcv:0000089	FBcv:0000074	False
2050	FBcv:0003113	FBcv:0003109	False
2051	FBcv:0003114	FBcv:0003109	False
2052	FBcv:0003111	FBcv:0003109	False
2053	FBcv:0000084	FBcv:0000074	False
2054	FBcv:0003112	FBcv:0003109	False
2055	FBcv:0000085	FBcv:0000074	False
2056	FBcv:0000086	FBcv:0000074	False
2057	FBcv:0000087	FBcv:0000074	False
2058	FBcv:0003110	FBcv:0003109	False
2059	FBcv:0000080	FBcv:0000074	False
2060	FBcv:0000081	FBcv:0000074	False
2061	FBcv:0000082	FBcv:0000074	False
2062	FBcv:0000083	FBcv:0000074	False
2063	FBcv:0003108	FBcv:0003082	False
2064	FBcv:0003106	FBcv:0003082	False
2065	FBcv:0003107	FBcv:0003082	False
2066	FBcv:0003104	FBcv:0003082	False
2067	FBcv:0000077	FBcv:0000074	False
2068	FBcv:0003105	FBcv:0003082	False
2069	FBcv:0000078	FBcv:0000074	False
2070	FBcv:0003102	FBcv:0003082	False
2071	FBcv:0000079	FBcv:0000074	False
2072	FBcv:0003103	FBcv:0003082	False
2073	FBcv:0003100	FBcv:0003082	False
2074	FBcv:0003101	FBcv:0003082	False
2075	FBcv:0000075	FBcv:0000074	False
2076	FBcv:0000076	FBcv:0000074	False
2077	FBcv:0000070	FBcv:0000052	False
2078	FBcv:0000071	FBcv:0000052	False
2079	FBcv:0000066	FBcv:0000052	False
2080	FBcv:0000067	FBcv:0000052	False
2081	FBcv:0000068	FBcv:0000014	False
2082	FBcv:0000014	FBcv:0000809	False
2083	FBcv:0000069	FBcv:0000052	False
2084	FBcv:0000063	FBcv:0000052	False
2085	FBcv:0000064	FBcv:0000052	False
2086	FBcv:0000065	FBcv:0000052	False
2087	CHEBI:21759	CHEBI:35800	False
2088	CHEBI:21759	FBcv:0000526	False
2089	FBcv:0000060	FBcv:0000052	False
2090	FBcv:0000061	FBcv:0000014	False
2091	FBcv:0000059	FBcv:0000052	False
2092	FBcv:0000055	FBcv:0000052	False
2093	FBcv:0000056	FBcv:0000052	False
2094	FBcv:0000058	FBcv:0000052	False
2095	FBcv:0000051	FBcv:0000052	False
2096	FBcv:0000053	FBcv:0000052	False
2097	FBcv:0000054	FBcv:0000052	False
2098	FBcv:0000050	FBcv:0000038	False
2099	FBcv:0000038	FBcv:0000052	False
2100	FBcv:0000048	FBcv:0000038	False
2101	FBcv:0000049	FBcv:0000038	False
2102	FBcv:0000045	FBcv:0000038	False
2103	FBcv:0000046	FBcv:0000176	False
2104	FBcv:0000047	FBcv:0000038	False
2105	FBcv:0000040	FBcv:0000038	False
2106	FBcv:0000041	FBcv:0000038	False
2107	PATO:0000186	PATO:0001995	False
2108	FBcv:0000039	FBcv:0000038	False
2109	GO:0035188	BFO:0000003	True
2110	GO:0035188	GO:0071684	False
2111	GO:0035188	GO:0007275	False
2112	FBcv:0000499	FBcv:0000497	False
2113	FBcv:0000497	FBcv:0000483	False
2114	FBcv:0000495	FBcv:0000492	False
2115	FBcv:0000492	FBcv:0000487	False
2116	FBcv:0000496	FBcv:0000492	False
2117	FBcv:0000498	FBcv:0000497	False
2118	FBcv:0000491	FBcv:0000486	False
2119	FBcv:0000486	FBcv:0000483	False
2120	FBcv:0000487	FBcv:0000486	False
2121	FBcv:0000493	FBcv:0000492	False
2122	FBcv:0000494	FBcv:0000492	False
2123	FBcv:0000490	FBcv:0000486	False
2124	FBcv:0000488	FBcv:0000486	False
2125	FBcv:0000489	FBcv:0000486	False
2126	FBcv:0000006	FBcv:0000376	False
2127	FBcv:0000006	FBcv:0000375	False
2128	FBcv:0000006	PATO:0001761	False
2129	FBcv:0000007	FBcv:0000377	False
2130	FBcv:0000007	FBcv:0000375	False
2131	FBcv:0000007	PATO:0001760	False
2132	FBcv:0000484	FBcv:0003019	False
2133	FBcv:0000485	FBcv:0003020	False
2134	FBcv:0000002	FBcv:0000683	False
2135	FBcv:0000480	FBcv:0003007	False
2136	FBcv:0000481	FBcv:0000478	False
2137	FBcv:0000482	FBcv:0000452	False
2138	GO:0051641	GO:0051179	False
2139	GO:0051649	BFO:0000003	True
2140	GO:0051649	GO:0051234	False
2141	GO:0051649	GO:0051641	False
2142	CHEBI:28775	CHEBI:38749	False
2143	CHEBI:28775	CHEBI:38738	False
2144	CHEBI:28775	CHEBI:26587	False
2145	CHEBI:28775	CHEBI:48024	False
2146	CHEBI:28775	CHEBI:63353	False
2147	FBcv:0000477	FBcv:0000470	False
2148	FBcv:0001325	FBcv:0001347	False
2149	FBcv:0001324	FBcv:0001347	False
2150	FBcv:0000479	FBcv:0000478	False
2151	FBcv:0000473	FBcv:0000470	False
2152	FBcv:0000474	FBcv:0000470	False
2153	FBcv:0000475	FBcv:0000470	False
2154	FBcv:0000476	FBcv:0000470	False
2155	FBcv:0000471	FBcv:0000470	False
2156	FBcv:0000472	FBcv:0000470	False
2157	FBcv:0000466	FBcv:0000452	False
2158	FBcv:0000467	FBcv:0000466	False
2159	FBcv:0000468	FBcv:0000466	False
2160	FBcv:0000469	FBcv:0000452	False
2161	FBcv:0001315	FBcv:0000313	False
2162	FBcv:0000462	FBcv:0000458	False
2163	FBcv:0000458	FBcv:0000455	False
2164	FBcv:0000463	FBcv:0000455	False
2165	FBcv:0000455	FBcv:0000452	False
2166	FBcv:0000465	FBcv:0000452	False
2167	FBcv:0000460	FBcv:0000455	False
2168	FBcv:0000461	FBcv:0000455	False
2169	CHEBI:38102	CHEBI:25693	False
2170	CHEBI:38102	CHEBI:50893	False
2171	FBcv:0000459	FBcv:0000455	False
2172	FBcv:0000456	FBcv:0000455	False
2173	FBcv:0000457	FBcv:0000455	False
2174	FBcv:0000451	FBcv:0000408	False
2175	FBcv:0000450	FBcv:0001347	False
2176	FBcv:0000450	PATO:0000161	False
2177	FBcv:0000448	FBcv:0001347	False
2178	CHEBI:25255	CHEBI:25223	False
2179	CHEBI:25255	FBcv:0000526	False
2180	FBcv:0000449	FBcv:0001347	False
2181	FBcv:0000444	PATO:0000644	False
2182	FBcv:0000444	FBcv:0000357	False
2183	FBcv:0000444	FBcv:0000362	False
2184	FBcv:0000445	FBcv:0000723	False
2185	FBcv:0000446	FBcv:0001347	False
2186	FBcv:0000447	FBcv:0001347	False
2187	FBcv:0000440	FBcv:0001347	False
2188	FBcv:0000440	PATO:0001551	False
2189	FBcv:0000441	FBcv:0001347	False
2190	FBcv:0000441	PATO:0001552	False
2191	FBcv:0000442	FBcv:0001347	False
2192	FBcv:0000442	PATO:0001551	False
2193	FBcv:0000443	FBcv:0000450	False
2194	CHEBI:36388	CHEBI:35552	False
